Loading prototype ROM set from base.zip
Compiling script from nbanew.prg
Encoding .\origrom\dummy.wav : OK, 66 DCS frames, 761 bytes in ROM (41.6:1 compression, 12011 avg bps)
Encoding .\origrom\dummy.wav : OK, 66 DCS frames, 761 bytes in ROM (41.6:1 compression, 12011 avg bps)
Encoding .\origrom\dummy.wav : OK, 66 DCS frames, 761 bytes in ROM (41.6:1 compression, 12011 avg bps)
nbanew.prg(18): warning: This statement (and everything after it) is unreachable due to an earlier Wait(forever) and/or End
Encoding .\origrom\206DB0.dcs : OK, 658 DCS frames, 36689 bytes in ROM (8.6:1 compression, 58082 avg bps)
Encoding .\origrom\20FD3C.dcs : OK, 918 DCS frames, 51324 bytes in ROM (8.6:1 compression, 58238 avg bps)
Encoding .\origrom\21C5F8.dcs : OK, 2241 DCS frames, 126936 bytes in ROM (8.5:1 compression, 59003 avg bps)
Reusing cached encoding of .\origrom\20FD3C.dcs
Encoding .\origrom\118042.dcs : OK, 1615 DCS frames, 91726 bytes in ROM (8.5:1 compression, 59163 avg bps)
Encoding .\origrom\316B7C.dcs : OK, 524 DCS frames, 28245 bytes in ROM (8.9:1 compression, 56149 avg bps)
nbanew.prg(61): warning: This statement (and everything after it) is unreachable due to an earlier Wait(forever) and/or End
Reusing cached encoding of .\origrom\316B7C.dcs
Reusing cached encoding of .\origrom\206DB0.dcs
Reusing cached encoding of .\origrom\20FD3C.dcs
nbanew.prg(86): warning: This statement (and everything after it) is unreachable due to an earlier Wait(forever) and/or End
Reusing cached encoding of .\origrom\316B7C.dcs
Reusing cached encoding of .\origrom\206DB0.dcs
Reusing cached encoding of .\origrom\20FD3C.dcs
Reusing cached encoding of .\origrom\21C5F8.dcs
Reusing cached encoding of .\origrom\20FD3C.dcs
Reusing cached encoding of .\origrom\118042.dcs
Reusing cached encoding of .\origrom\316B7C.dcs
Reusing cached encoding of .\origrom\206DB0.dcs
nbanew.prg(138): warning: This statement (and everything after it) is unreachable due to an earlier Wait(forever) and/or End
Encoding .\origrom\2D5D90.dcs : OK, 235 DCS frames, 13249 bytes in ROM (8.5:1 compression, 58728 avg bps)
Encoding .\origrom\3D18D4.dcs : OK, 235 DCS frames, 13306 bytes in ROM (8.5:1 compression, 58980 avg bps)
Reusing cached encoding of .\origrom\2D5D90.dcs
Reusing cached encoding of .\origrom\3D18D4.dcs
Reusing cached encoding of .\origrom\2D5D90.dcs
Reusing cached encoding of .\origrom\3D18D4.dcs
Reusing cached encoding of .\origrom\2D5D90.dcs
Reusing cached encoding of .\origrom\3D18D4.dcs
Encoding .\origrom\10F84C.dcs : OK, 470 DCS frames, 22236 bytes in ROM (10.1:1 compression, 49282 avg bps)
Reusing cached encoding of .\origrom\10F84C.dcs
Reusing cached encoding of .\origrom\10F84C.dcs
Reusing cached encoding of .\origrom\10F84C.dcs
Encoding .\origrom\114F3E.dcs : OK, 235 DCS frames, 12534 bytes in ROM (9.0:1 compression, 55559 avg bps)
Reusing cached encoding of .\origrom\114F3E.dcs
Reusing cached encoding of .\origrom\114F3E.dcs
Encoding .\origrom\3134EE.dcs : OK, 235 DCS frames, 13951 bytes in ROM (8.1:1 compression, 61840 avg bps)
Reusing cached encoding of .\origrom\10F84C.dcs
Reusing cached encoding of .\origrom\10F84C.dcs
nbanew.prg(228): warning: This statement (and everything after it) is unreachable due to an earlier Wait(forever) and/or End
Reusing cached encoding of .\origrom\10F84C.dcs
Reusing cached encoding of .\origrom\10F84C.dcs
Reusing cached encoding of .\origrom\10F84C.dcs
Reusing cached encoding of .\origrom\10F84C.dcs
Reusing cached encoding of .\origrom\2D5D90.dcs
Reusing cached encoding of .\origrom\3D18D4.dcs
Reusing cached encoding of .\origrom\2D5D90.dcs
Reusing cached encoding of .\origrom\3D18D4.dcs
Reusing cached encoding of .\origrom\2D5D90.dcs
Reusing cached encoding of .\origrom\3D18D4.dcs
Reusing cached encoding of .\origrom\2D5D90.dcs
Reusing cached encoding of .\origrom\3D18D4.dcs
Reusing cached encoding of .\origrom\10F84C.dcs
Reusing cached encoding of .\origrom\10F84C.dcs
Reusing cached encoding of .\origrom\10F84C.dcs
Reusing cached encoding of .\origrom\10F84C.dcs
Reusing cached encoding of .\origrom\114F3E.dcs
Reusing cached encoding of .\origrom\114F3E.dcs
Reusing cached encoding of .\origrom\114F3E.dcs
Reusing cached encoding of .\origrom\3134EE.dcs
nbanew.prg(330): warning: This statement (and everything after it) is unreachable due to an earlier Wait(forever) and/or End
Encoding .\origrom\31DA0A.dcs : OK, 1237 DCS frames, 68574 bytes in ROM (8.7:1 compression, 57746 avg bps)
Encoding .\origrom\23B612.dcs : OK, 311 DCS frames, 16895 bytes in ROM (8.8:1 compression, 56588 avg bps)
Reusing cached encoding of .\origrom\23B612.dcs
Reusing cached encoding of .\origrom\23B612.dcs
Reusing cached encoding of .\origrom\23B612.dcs
nbanew.prg(361): warning: This statement (and everything after it) is unreachable due to an earlier Wait(forever) and/or End
Reusing cached encoding of .\origrom\23B612.dcs
nbanew.prg(371): warning: This statement (and everything after it) is unreachable due to an earlier Wait(forever) and/or End
Reusing cached encoding of .\origrom\206DB0.dcs
Reusing cached encoding of .\origrom\20FD3C.dcs
Reusing cached encoding of .\origrom\21C5F8.dcs
Reusing cached encoding of .\origrom\20FD3C.dcs
Reusing cached encoding of .\origrom\118042.dcs
Reusing cached encoding of .\origrom\316B7C.dcs
nbanew.prg(414): warning: This statement (and everything after it) is unreachable due to an earlier Wait(forever) and/or End
Reusing cached encoding of .\origrom\114F3E.dcs
Reusing cached encoding of .\origrom\3134EE.dcs
nbanew.prg(430): warning: This statement (and everything after it) is unreachable due to an earlier Wait(forever) and/or End
Encoding .\origrom\12E6D0.dcs : OK, 291 DCS frames, 16608 bytes in ROM (8.4:1 compression, 59450 avg bps)
Encoding .\origrom\01B46C.dcs : OK, 583 DCS frames, 34476 bytes in ROM (8.1:1 compression, 61599 avg bps)
nbanew.prg(449): warning: This statement (and everything after it) is unreachable due to an earlier Wait(forever) and/or End
Encoding .\origrom\3EC27E.dcs : OK, 358 DCS frames, 19822 bytes in ROM (8.7:1 compression, 57676 avg bps)
Encoding .\origrom\2E28FA.dcs : OK, 130 DCS frames, 7910 bytes in ROM (7.9:1 compression, 63381 avg bps)
Encoding .\origrom\1D3226.dcs : OK, 130 DCS frames, 7594 bytes in ROM (8.2:1 compression, 60849 avg bps)
Encoding .\origrom\3DE822.dcs : OK, 130 DCS frames, 7161 bytes in ROM (8.7:1 compression, 57380 avg bps)
Reusing cached encoding of .\origrom\1D3226.dcs
Encoding .\origrom\2E47E0.dcs : OK, 521 DCS frames, 29699 bytes in ROM (8.4:1 compression, 59379 avg bps)
Encoding .\origrom\2F1018.dcs : OK, 261 DCS frames, 15214 bytes in ROM (8.2:1 compression, 60720 avg bps)
Encoding .\origrom\2F4B86.dcs : OK, 260 DCS frames, 14051 bytes in ROM (8.9:1 compression, 56294 avg bps)
Encoding .\origrom\1DFA56.dcs : OK, 521 DCS frames, 29001 bytes in ROM (8.6:1 compression, 57983 avg bps)
Encoding .\origrom\3F80F2.dcs : OK, 520 DCS frames, 28529 bytes in ROM (8.7:1 compression, 57149 avg bps)
Reusing cached encoding of .\origrom\1DFA56.dcs
Encoding .\origrom\1EA1F0.dcs : OK, 521 DCS frames, 29057 bytes in ROM (8.6:1 compression, 58095 avg bps)
Encoding .\origrom\1D4FD0.dcs : OK, 325 DCS frames, 18482 bytes in ROM (8.4:1 compression, 59237 avg bps)
Encoding .\origrom\1D9802.dcs : OK, 196 DCS frames, 11094 bytes in ROM (8.5:1 compression, 58960 avg bps)
Encoding .\origrom\1F49A6.dcs : OK, 521 DCS frames, 28829 bytes in ROM (8.7:1 compression, 57640 avg bps)
Reusing cached encoding of .\origrom\1D4FD0.dcs
Encoding .\origrom\3E041C.dcs : OK, 195 DCS frames, 10996 bytes in ROM (8.5:1 compression, 58739 avg bps)
Encoding .\origrom\3F0FEC.dcs : OK, 260 DCS frames, 14306 bytes in ROM (8.7:1 compression, 57316 avg bps)
Encoding .\origrom\3F47CE.dcs : OK, 260 DCS frames, 14629 bytes in ROM (8.5:1 compression, 58610 avg bps)
Encoding .\origrom\1E6BA0.dcs : OK, 259 DCS frames, 13878 bytes in ROM (9.0:1 compression, 55816 avg bps)
Encoding .\origrom\2F8268.dcs : OK, 261 DCS frames, 14144 bytes in ROM (8.9:1 compression, 56450 avg bps)
Encoding .\origrom\1FBA44.dcs : OK, 260 DCS frames, 13466 bytes in ROM (9.3:1 compression, 53950 avg bps)
Reusing cached encoding of .\origrom\2F8268.dcs
Encoding .\origrom\1F1372.dcs : OK, 261 DCS frames, 13875 bytes in ROM (9.0:1 compression, 55376 avg bps)
Reusing cached encoding of .\origrom\1DFA56.dcs
Reusing cached encoding of .\origrom\3F80F2.dcs
Reusing cached encoding of .\origrom\1DFA56.dcs
Reusing cached encoding of .\origrom\1EA1F0.dcs
Reusing cached encoding of .\origrom\1D4FD0.dcs
Reusing cached encoding of .\origrom\1D9802.dcs
Reusing cached encoding of .\origrom\1F49A6.dcs
Reusing cached encoding of .\origrom\1D4FD0.dcs
Reusing cached encoding of .\origrom\3E041C.dcs
Reusing cached encoding of .\origrom\3F0FEC.dcs
Reusing cached encoding of .\origrom\1F1372.dcs
Encoding .\origrom\3E2F10.dcs : OK, 130 DCS frames, 6879 bytes in ROM (9.1:1 compression, 55120 avg bps)
Encoding .\origrom\3E49F0.dcs : OK, 131 DCS frames, 7434 bytes in ROM (8.5:1 compression, 59113 avg bps)
Reusing cached encoding of .\origrom\3E2F10.dcs
Reusing cached encoding of .\origrom\3E49F0.dcs
Reusing cached encoding of .\origrom\3E2F10.dcs
Encoding .\origrom\2EBBE4.dcs : OK, 390 DCS frames, 21556 bytes in ROM (8.7:1 compression, 57575 avg bps)
Reusing cached encoding of .\origrom\1DFA56.dcs
Reusing cached encoding of .\origrom\3F80F2.dcs
Reusing cached encoding of .\origrom\1DFA56.dcs
Reusing cached encoding of .\origrom\1EA1F0.dcs
Reusing cached encoding of .\origrom\1D4FD0.dcs
Reusing cached encoding of .\origrom\1D9802.dcs
Reusing cached encoding of .\origrom\1F49A6.dcs
Reusing cached encoding of .\origrom\1D4FD0.dcs
Reusing cached encoding of .\origrom\3E041C.dcs
Reusing cached encoding of .\origrom\3F0FEC.dcs
Reusing cached encoding of .\origrom\1F1372.dcs
Encoding .\origrom\3E66FA.dcs : OK, 260 DCS frames, 14108 bytes in ROM (8.8:1 compression, 56522 avg bps)
Encoding .\origrom\1DC358.dcs : OK, 260 DCS frames, 14077 bytes in ROM (8.9:1 compression, 56398 avg bps)
Reusing cached encoding of .\origrom\1DC358.dcs
Reusing cached encoding of .\origrom\1DC358.dcs
Reusing cached encoding of .\origrom\1F1372.dcs
Reusing cached encoding of .\origrom\2E28FA.dcs
Reusing cached encoding of .\origrom\1D3226.dcs
Reusing cached encoding of .\origrom\3DE822.dcs
Reusing cached encoding of .\origrom\1D3226.dcs
Reusing cached encoding of .\origrom\2E47E0.dcs
Encoding .\origrom\2FB9A8.dcs : OK, 322 DCS frames, 14733 bytes in ROM (10.5:1 compression, 47661 avg bps)
Encoding .\origrom\3E9E16.dcs : OK, 267 DCS frames, 9318 bytes in ROM (13.8:1 compression, 36353 avg bps)
nbanew.prg(713): warning: This statement (and everything after it) is unreachable due to an earlier Wait(forever) and/or End
Reusing cached encoding of .\origrom\3EC27E.dcs
Reusing cached encoding of .\origrom\2E28FA.dcs
Reusing cached encoding of .\origrom\1D3226.dcs
Reusing cached encoding of .\origrom\3DE822.dcs
Reusing cached encoding of .\origrom\1D3226.dcs
Reusing cached encoding of .\origrom\2E47E0.dcs
Reusing cached encoding of .\origrom\2F1018.dcs
Reusing cached encoding of .\origrom\2F4B86.dcs
Reusing cached encoding of .\origrom\1DFA56.dcs
Reusing cached encoding of .\origrom\3F80F2.dcs
Reusing cached encoding of .\origrom\1DFA56.dcs
Reusing cached encoding of .\origrom\1EA1F0.dcs
Reusing cached encoding of .\origrom\1D4FD0.dcs
Reusing cached encoding of .\origrom\1D9802.dcs
Reusing cached encoding of .\origrom\1F49A6.dcs
Reusing cached encoding of .\origrom\1D4FD0.dcs
Reusing cached encoding of .\origrom\3E041C.dcs
Reusing cached encoding of .\origrom\3F0FEC.dcs
Reusing cached encoding of .\origrom\3F47CE.dcs
Reusing cached encoding of .\origrom\1E6BA0.dcs
Reusing cached encoding of .\origrom\2F8268.dcs
Reusing cached encoding of .\origrom\1FBA44.dcs
Reusing cached encoding of .\origrom\2F8268.dcs
Reusing cached encoding of .\origrom\1F1372.dcs
Reusing cached encoding of .\origrom\1DFA56.dcs
Reusing cached encoding of .\origrom\3F80F2.dcs
Reusing cached encoding of .\origrom\1DFA56.dcs
Reusing cached encoding of .\origrom\1EA1F0.dcs
Reusing cached encoding of .\origrom\1D4FD0.dcs
Reusing cached encoding of .\origrom\1D9802.dcs
Reusing cached encoding of .\origrom\1F49A6.dcs
Reusing cached encoding of .\origrom\1D4FD0.dcs
Reusing cached encoding of .\origrom\3E041C.dcs
Reusing cached encoding of .\origrom\3F0FEC.dcs
Reusing cached encoding of .\origrom\1F1372.dcs
Reusing cached encoding of .\origrom\3E2F10.dcs
Reusing cached encoding of .\origrom\3E49F0.dcs
Reusing cached encoding of .\origrom\3E2F10.dcs
Reusing cached encoding of .\origrom\3E49F0.dcs
Reusing cached encoding of .\origrom\3E2F10.dcs
Reusing cached encoding of .\origrom\2EBBE4.dcs
Reusing cached encoding of .\origrom\1DFA56.dcs
Reusing cached encoding of .\origrom\3F80F2.dcs
Reusing cached encoding of .\origrom\1DFA56.dcs
Reusing cached encoding of .\origrom\1EA1F0.dcs
Reusing cached encoding of .\origrom\1D4FD0.dcs
Reusing cached encoding of .\origrom\1D9802.dcs
Reusing cached encoding of .\origrom\1F49A6.dcs
Reusing cached encoding of .\origrom\1D4FD0.dcs
Reusing cached encoding of .\origrom\3E041C.dcs
Reusing cached encoding of .\origrom\3F0FEC.dcs
Reusing cached encoding of .\origrom\1F1372.dcs
Reusing cached encoding of .\origrom\3E66FA.dcs
Reusing cached encoding of .\origrom\1DC358.dcs
Reusing cached encoding of .\origrom\1DC358.dcs
Reusing cached encoding of .\origrom\1DC358.dcs
Reusing cached encoding of .\origrom\1F1372.dcs
nbanew.prg(970): warning: This statement (and everything after it) is unreachable due to an earlier Wait(forever) and/or End
Reusing cached encoding of .\origrom\1DFA56.dcs
Reusing cached encoding of .\origrom\3F80F2.dcs
Reusing cached encoding of .\origrom\1DFA56.dcs
Reusing cached encoding of .\origrom\1EA1F0.dcs
Reusing cached encoding of .\origrom\1D4FD0.dcs
Reusing cached encoding of .\origrom\1D9802.dcs
Reusing cached encoding of .\origrom\1F49A6.dcs
Reusing cached encoding of .\origrom\1D4FD0.dcs
Reusing cached encoding of .\origrom\3E041C.dcs
Reusing cached encoding of .\origrom\3F0FEC.dcs
Reusing cached encoding of .\origrom\3F47CE.dcs
Reusing cached encoding of .\origrom\1E6BA0.dcs
Reusing cached encoding of .\origrom\2F8268.dcs
Reusing cached encoding of .\origrom\1FBA44.dcs
Reusing cached encoding of .\origrom\2F8268.dcs
Reusing cached encoding of .\origrom\1F1372.dcs
Reusing cached encoding of .\origrom\1DFA56.dcs
Reusing cached encoding of .\origrom\3F80F2.dcs
Reusing cached encoding of .\origrom\1DFA56.dcs
Reusing cached encoding of .\origrom\1EA1F0.dcs
Reusing cached encoding of .\origrom\1D4FD0.dcs
Reusing cached encoding of .\origrom\1D9802.dcs
Reusing cached encoding of .\origrom\1F49A6.dcs
Reusing cached encoding of .\origrom\1D4FD0.dcs
Reusing cached encoding of .\origrom\3E041C.dcs
Reusing cached encoding of .\origrom\3F0FEC.dcs
Reusing cached encoding of .\origrom\1F1372.dcs
Reusing cached encoding of .\origrom\3E2F10.dcs
Reusing cached encoding of .\origrom\3E49F0.dcs
Reusing cached encoding of .\origrom\3E2F10.dcs
Reusing cached encoding of .\origrom\3E49F0.dcs
Reusing cached encoding of .\origrom\3E2F10.dcs
Reusing cached encoding of .\origrom\2EBBE4.dcs
Reusing cached encoding of .\origrom\1DFA56.dcs
Reusing cached encoding of .\origrom\3F80F2.dcs
Reusing cached encoding of .\origrom\1DFA56.dcs
Reusing cached encoding of .\origrom\1EA1F0.dcs
Reusing cached encoding of .\origrom\1D4FD0.dcs
Reusing cached encoding of .\origrom\1D9802.dcs
Reusing cached encoding of .\origrom\1F49A6.dcs
Reusing cached encoding of .\origrom\1D4FD0.dcs
Reusing cached encoding of .\origrom\3E041C.dcs
Reusing cached encoding of .\origrom\3F0FEC.dcs
Reusing cached encoding of .\origrom\1F1372.dcs
Reusing cached encoding of .\origrom\3E66FA.dcs
Reusing cached encoding of .\origrom\1DC358.dcs
Reusing cached encoding of .\origrom\1DC358.dcs
Reusing cached encoding of .\origrom\1DC358.dcs
Reusing cached encoding of .\origrom\1F1372.dcs
nbanew.prg(1196): warning: This statement (and everything after it) is unreachable due to an earlier Wait(forever) and/or End
Reusing cached encoding of .\origrom\2F8268.dcs
Reusing cached encoding of .\origrom\1F1372.dcs
Reusing cached encoding of .\origrom\1DFA56.dcs
Reusing cached encoding of .\origrom\1EA1F0.dcs
Reusing cached encoding of .\origrom\1D4FD0.dcs
Reusing cached encoding of .\origrom\3E041C.dcs
Reusing cached encoding of .\origrom\3F0FEC.dcs
Reusing cached encoding of .\origrom\1F1372.dcs
Reusing cached encoding of .\origrom\3E66FA.dcs
Reusing cached encoding of .\origrom\1DC358.dcs
Reusing cached encoding of .\origrom\1DC358.dcs
Reusing cached encoding of .\origrom\1F1372.dcs
Reusing cached encoding of .\origrom\1DFA56.dcs
Reusing cached encoding of .\origrom\2FB9A8.dcs
Reusing cached encoding of .\origrom\3E9E16.dcs
nbanew.prg(1249): warning: This statement (and everything after it) is unreachable due to an earlier Wait(forever) and/or End
Reusing cached encoding of .\origrom\1DFA56.dcs
Reusing cached encoding of .\origrom\1EA1F0.dcs
Reusing cached encoding of .\origrom\1D4FD0.dcs
Reusing cached encoding of .\origrom\1D9802.dcs
Reusing cached encoding of .\origrom\3F0FEC.dcs
Reusing cached encoding of .\origrom\1F1372.dcs
Reusing cached encoding of .\origrom\2FB9A8.dcs
Reusing cached encoding of .\origrom\3E9E16.dcs
nbanew.prg(1280): warning: This statement (and everything after it) is unreachable due to an earlier Wait(forever) and/or End
Reusing cached encoding of .\origrom\1F1372.dcs
Reusing cached encoding of .\origrom\2FB9A8.dcs
Reusing cached encoding of .\origrom\3E9E16.dcs
nbanew.prg(1293): warning: This statement (and everything after it) is unreachable due to an earlier Wait(forever) and/or End
Reusing cached encoding of .\origrom\2FB9A8.dcs
Reusing cached encoding of .\origrom\3E9E16.dcs
nbanew.prg(1303): warning: This statement (and everything after it) is unreachable due to an earlier Wait(forever) and/or End
Reusing cached encoding of .\origrom\3E9E16.dcs
nbanew.prg(1310): warning: This statement (and everything after it) is unreachable due to an earlier Wait(forever) and/or End
Reusing cached encoding of .\origrom\2FB9A8.dcs
nbanew.prg(1317): warning: This statement (and everything after it) is unreachable due to an earlier Wait(forever) and/or End
Encoding .\origrom\303C82.dcs : OK, 426 DCS frames, 23899 bytes in ROM (8.6:1 compression, 58438 avg bps)
Encoding .\origrom\205154.dcs : OK, 62 DCS frames, 3599 bytes in ROM (8.3:1 compression, 60467 avg bps)
Reusing cached encoding of .\origrom\303C82.dcs
Encoding .\origrom\205F64.dcs : OK, 63 DCS frames, 3659 bytes in ROM (8.3:1 compression, 60499 avg bps)
Encoding .\origrom\3099DE.dcs : OK, 488 DCS frames, 27726 bytes in ROM (8.4:1 compression, 59183 avg bps)
Reusing cached encoding of .\origrom\3099DE.dcs
nbanew.prg(1343): warning: This statement (and everything after it) is unreachable due to an earlier Wait(forever) and/or End
Encoding .\origrom\2D9158.dcs : OK, 293 DCS frames, 16513 bytes in ROM (8.5:1 compression, 58707 avg bps)
Encoding .\origrom\3D4CD6.dcs : OK, 470 DCS frames, 27438 bytes in ROM (8.2:1 compression, 60811 avg bps)
Reusing cached encoding of .\origrom\206DB0.dcs
Reusing cached encoding of .\origrom\20FD3C.dcs
Reusing cached encoding of .\origrom\21C5F8.dcs
Reusing cached encoding of .\origrom\20FD3C.dcs
Reusing cached encoding of .\origrom\118042.dcs
Reusing cached encoding of .\origrom\316B7C.dcs
nbanew.prg(1397): warning: This statement (and everything after it) is unreachable due to an earlier Wait(forever) and/or End
Encoding .\origrom\1CC4C4.dcs : OK, 227 DCS frames, 13066 bytes in ROM (8.3:1 compression, 59958 avg bps)
Reusing cached encoding of .\origrom\2D9158.dcs
Reusing cached encoding of .\origrom\3D4CD6.dcs
Reusing cached encoding of .\origrom\31DA0A.dcs
Reusing cached encoding of .\origrom\23B612.dcs
Reusing cached encoding of .\origrom\23B612.dcs
Reusing cached encoding of .\origrom\23B612.dcs
Reusing cached encoding of .\origrom\23B612.dcs
nbanew.prg(1442): warning: This statement (and everything after it) is unreachable due to an earlier Wait(forever) and/or End
Encoding .\origrom\31062C.dcs : OK, 245 DCS frames, 11970 bytes in ROM (9.8:1 compression, 50893 avg bps)
Reusing cached encoding of .\origrom\31062C.dcs
Encoding .\origrom\10A452.dcs : OK, 488 DCS frames, 21497 bytes in ROM (10.9:1 compression, 45887 avg bps)
Reusing cached encoding of .\origrom\10A452.dcs
Reusing cached encoding of .\origrom\31062C.dcs
Encoding .\origrom\107700.dcs : OK, 245 DCS frames, 11601 bytes in ROM (10.1:1 compression, 49324 avg bps)
Reusing cached encoding of .\origrom\10A452.dcs
nbanew.prg(1475): warning: This statement (and everything after it) is unreachable due to an earlier Wait(forever) and/or End
Encoding .\origrom\04CD8E.dcs : OK, 69 DCS frames, 5323 bytes in ROM (6.2:1 compression, 80359 avg bps)
nbanew.prg(1503): warning: This statement (and everything after it) is unreachable due to an earlier Wait(forever) and/or End
Encoding .\origrom\04255A.dcs : OK, 41 DCS frames, 2992 bytes in ROM (6.6:1 compression, 76016 avg bps)
nbanew.prg(1508): warning: This statement (and everything after it) is unreachable due to an earlier Wait(forever) and/or End
Encoding .\origrom\36800E.dcs : OK, 138 DCS frames, 8823 bytes in ROM (7.5:1 compression, 66599 avg bps)
nbanew.prg(1513): warning: This statement (and everything after it) is unreachable due to an earlier Wait(forever) and/or End
Encoding .\origrom\05E2EA.dcs : OK, 128 DCS frames, 7834 bytes in ROM (7.8:1 compression, 63753 avg bps)
nbanew.prg(1518): warning: This statement (and everything after it) is unreachable due to an earlier Wait(forever) and/or End
Encoding .\origrom\060188.dcs : OK, 134 DCS frames, 7757 bytes in ROM (8.3:1 compression, 60300 avg bps)
nbanew.prg(1523): warning: This statement (and everything after it) is unreachable due to an earlier Wait(forever) and/or End
Encoding .\origrom\061FD8.dcs : OK, 132 DCS frames, 7887 bytes in ROM (8.0:1 compression, 62240 avg bps)
nbanew.prg(1528): warning: This statement (and everything after it) is unreachable due to an earlier Wait(forever) and/or End
Encoding .\origrom\063EAA.dcs : OK, 113 DCS frames, 6990 bytes in ROM (7.8:1 compression, 64436 avg bps)
nbanew.prg(1533): warning: This statement (and everything after it) is unreachable due to an earlier Wait(forever) and/or End
Reusing cached encoding of .\origrom\04CD8E.dcs
nbanew.prg(1538): warning: This statement (and everything after it) is unreachable due to an earlier Wait(forever) and/or End
Reusing cached encoding of .\origrom\04255A.dcs
nbanew.prg(1543): warning: This statement (and everything after it) is unreachable due to an earlier Wait(forever) and/or End
Encoding .\origrom\05C42A.dcs : OK, 142 DCS frames, 7863 bytes in ROM (8.7:1 compression, 57680 avg bps)
nbanew.prg(1548): warning: This statement (and everything after it) is unreachable due to an earlier Wait(forever) and/or End
Reusing cached encoding of .\origrom\04CD8E.dcs
nbanew.prg(1553): warning: This statement (and everything after it) is unreachable due to an earlier Wait(forever) and/or End
Reusing cached encoding of .\origrom\04255A.dcs
nbanew.prg(1558): warning: This statement (and everything after it) is unreachable due to an earlier Wait(forever) and/or End
Encoding .\origrom\0659FA.dcs : OK, 76 DCS frames, 4614 bytes in ROM (7.9:1 compression, 63240 avg bps)
nbanew.prg(1563): warning: This statement (and everything after it) is unreachable due to an earlier Wait(forever) and/or End
Encoding .\origrom\066C08.dcs : OK, 98 DCS frames, 5748 bytes in ROM (8.2:1 compression, 61097 avg bps)
nbanew.prg(1568): warning: This statement (and everything after it) is unreachable due to an earlier Wait(forever) and/or End
Encoding .\origrom\06828A.dcs : OK, 102 DCS frames, 5955 bytes in ROM (8.2:1 compression, 60815 avg bps)
nbanew.prg(1573): warning: This statement (and everything after it) is unreachable due to an earlier Wait(forever) and/or End
Encoding .\origrom\057CD6.dcs : OK, 95 DCS frames, 4933 bytes in ROM (9.2:1 compression, 54090 avg bps)
nbanew.prg(1578): warning: This statement (and everything after it) is unreachable due to an earlier Wait(forever) and/or End
Encoding .\origrom\0EF8F6.dcs : OK, 82 DCS frames, 3875 bytes in ROM (10.2:1 compression, 49225 avg bps)
nbanew.prg(1583): warning: This statement (and everything after it) is unreachable due to an earlier Wait(forever) and/or End
Encoding .\origrom\0F082E.dcs : OK, 68 DCS frames, 3287 bytes in ROM (9.9:1 compression, 50352 avg bps)
nbanew.prg(1588): warning: This statement (and everything after it) is unreachable due to an earlier Wait(forever) and/or End
Encoding .\origrom\0F1508.dcs : OK, 60 DCS frames, 3621 bytes in ROM (8.0:1 compression, 62865 avg bps)
nbanew.prg(1593): warning: This statement (and everything after it) is unreachable due to an earlier Wait(forever) and/or End
Encoding .\origrom\0DEC4E.dcs : OK, 36 DCS frames, 1996 bytes in ROM (8.7:1 compression, 57755 avg bps)
nbanew.prg(1598): warning: This statement (and everything after it) is unreachable due to an earlier Wait(forever) and/or End
Encoding .\origrom\0DF446.dcs : OK, 42 DCS frames, 2477 bytes in ROM (8.1:1 compression, 61434 avg bps)
nbanew.prg(1603): warning: This statement (and everything after it) is unreachable due to an earlier Wait(forever) and/or End
Encoding .\origrom\0DFDFC.dcs : OK, 69 DCS frames, 4092 bytes in ROM (8.1:1 compression, 61775 avg bps)
nbanew.prg(1608): warning: This statement (and everything after it) is unreachable due to an earlier Wait(forever) and/or End
Encoding .\origrom\0E0E1E.dcs : OK, 60 DCS frames, 2913 bytes in ROM (9.9:1 compression, 50573 avg bps)
nbanew.prg(1613): warning: This statement (and everything after it) is unreachable due to an earlier Wait(forever) and/or End
Encoding .\origrom\0E1996.dcs : OK, 42 DCS frames, 2567 bytes in ROM (7.9:1 compression, 63666 avg bps)
nbanew.prg(1618): warning: This statement (and everything after it) is unreachable due to an earlier Wait(forever) and/or End
Encoding .\origrom\0E23BE.dcs : OK, 54 DCS frames, 2595 bytes in ROM (10.0:1 compression, 50058 avg bps)
nbanew.prg(1623): warning: This statement (and everything after it) is unreachable due to an earlier Wait(forever) and/or End
Encoding .\origrom\05901A.dcs : OK, 54 DCS frames, 3840 bytes in ROM (6.8:1 compression, 74074 avg bps)
nbanew.prg(1628): warning: This statement (and everything after it) is unreachable due to an earlier Wait(forever) and/or End
Reusing cached encoding of .\origrom\05901A.dcs
nbanew.prg(1633): warning: This statement (and everything after it) is unreachable due to an earlier Wait(forever) and/or End
Reusing cached encoding of .\origrom\05901A.dcs
nbanew.prg(1638): warning: This statement (and everything after it) is unreachable due to an earlier Wait(forever) and/or End
Encoding .\origrom\01181C.dcs : OK, 54 DCS frames, 2573 bytes in ROM (10.1:1 compression, 49633 avg bps)
nbanew.prg(1643): warning: This statement (and everything after it) is unreachable due to an earlier Wait(forever) and/or End
Reusing cached encoding of .\origrom\01181C.dcs
nbanew.prg(1648): warning: This statement (and everything after it) is unreachable due to an earlier Wait(forever) and/or End
Reusing cached encoding of .\origrom\01181C.dcs
nbanew.prg(1653): warning: This statement (and everything after it) is unreachable due to an earlier Wait(forever) and/or End
Encoding .\origrom\023B22.dcs : OK, 64 DCS frames, 1498 bytes in ROM (20.5:1 compression, 24382 avg bps)
nbanew.prg(1658): warning: This statement (and everything after it) is unreachable due to an earlier Wait(forever) and/or End
Reusing cached encoding of .\origrom\023B22.dcs
nbanew.prg(1663): warning: This statement (and everything after it) is unreachable due to an earlier Wait(forever) and/or End
Reusing cached encoding of .\origrom\023B22.dcs
nbanew.prg(1668): warning: This statement (and everything after it) is unreachable due to an earlier Wait(forever) and/or End
Encoding .\origrom\0F66E8.dcs : OK, 271 DCS frames, 12575 bytes in ROM (10.3:1 compression, 48336 avg bps)
nbanew.prg(1673): warning: This statement (and everything after it) is unreachable due to an earlier Wait(forever) and/or End
Encoding .\origrom\0A635A.dcs : OK, 281 DCS frames, 12976 bytes in ROM (10.4:1 compression, 48102 avg bps)
nbanew.prg(1678): warning: This statement (and everything after it) is unreachable due to an earlier Wait(forever) and/or End
Encoding .\origrom\0303AA.dcs : OK, 136 DCS frames, 7750 bytes in ROM (8.4:1 compression, 59360 avg bps)
nbanew.prg(1683): warning: This statement (and everything after it) is unreachable due to an earlier Wait(forever) and/or End
Encoding .\origrom\0321F4.dcs : OK, 142 DCS frames, 6917 bytes in ROM (9.9:1 compression, 50741 avg bps)
nbanew.prg(1688): warning: This statement (and everything after it) is unreachable due to an earlier Wait(forever) and/or End
Encoding .\origrom\0359D0.dcs : OK, 123 DCS frames, 7864 bytes in ROM (7.5:1 compression, 66599 avg bps)
nbanew.prg(1693): warning: This statement (and everything after it) is unreachable due to an earlier Wait(forever) and/or End
Encoding .\origrom\033CFE.dcs : OK, 116 DCS frames, 7357 bytes in ROM (7.6:1 compression, 66065 avg bps)
nbanew.prg(1698): warning: This statement (and everything after it) is unreachable due to an earlier Wait(forever) and/or End
Encoding .\origrom\0E2DF0.dcs : OK, 29 DCS frames, 1063 bytes in ROM (13.1:1 compression, 38182 avg bps)
nbanew.prg(1703): warning: This statement (and everything after it) is unreachable due to an earlier Wait(forever) and/or End
Encoding .\origrom\0E3238.dcs : OK, 38 DCS frames, 1557 bytes in ROM (11.7:1 compression, 42681 avg bps)
nbanew.prg(1708): warning: This statement (and everything after it) is unreachable due to an earlier Wait(forever) and/or End
Encoding .\origrom\0E384E.dcs : OK, 46 DCS frames, 1482 bytes in ROM (14.9:1 compression, 33560 avg bps)
nbanew.prg(1713): warning: This statement (and everything after it) is unreachable due to an earlier Wait(forever) and/or End
Encoding .\origrom\0E3E1A.dcs : OK, 49 DCS frames, 1582 bytes in ROM (14.9:1 compression, 33631 avg bps)
nbanew.prg(1718): warning: This statement (and everything after it) is unreachable due to an earlier Wait(forever) and/or End
Encoding .\origrom\0C06C8.dcs : OK, 58 DCS frames, 1779 bytes in ROM (15.6:1 compression, 31950 avg bps)
nbanew.prg(1723): warning: This statement (and everything after it) is unreachable due to an earlier Wait(forever) and/or End
Reusing cached encoding of .\origrom\0C06C8.dcs
nbanew.prg(1728): warning: This statement (and everything after it) is unreachable due to an earlier Wait(forever) and/or End
Reusing cached encoding of .\origrom\0C06C8.dcs
nbanew.prg(1733): warning: This statement (and everything after it) is unreachable due to an earlier Wait(forever) and/or End
Reusing cached encoding of .\origrom\04CD8E.dcs
nbanew.prg(1738): warning: This statement (and everything after it) is unreachable due to an earlier Wait(forever) and/or End
Encoding .\origrom\012234.dcs : OK, 263 DCS frames, 11222 bytes in ROM (11.2:1 compression, 44447 avg bps)
nbanew.prg(1743): warning: This statement (and everything after it) is unreachable due to an earlier Wait(forever) and/or End
Reusing cached encoding of .\origrom\012234.dcs
nbanew.prg(1748): warning: This statement (and everything after it) is unreachable due to an earlier Wait(forever) and/or End
Encoding .\origrom\365E80.dcs : OK, 209 DCS frames, 8589 bytes in ROM (11.7:1 compression, 42808 avg bps)
nbanew.prg(1753): warning: This statement (and everything after it) is unreachable due to an earlier Wait(forever) and/or End
Reusing cached encoding of .\origrom\365E80.dcs
nbanew.prg(1758): warning: This statement (and everything after it) is unreachable due to an earlier Wait(forever) and/or End
Encoding .\origrom\32E618.dcs : OK, 224 DCS frames, 6178 bytes in ROM (17.4:1 compression, 28730 avg bps)
nbanew.prg(1763): warning: This statement (and everything after it) is unreachable due to an earlier Wait(forever) and/or End
Reusing cached encoding of .\origrom\32E618.dcs
nbanew.prg(1768): warning: This statement (and everything after it) is unreachable due to an earlier Wait(forever) and/or End
Encoding .\origrom\03BAC2.dcs : OK, 376 DCS frames, 13929 bytes in ROM (13.0:1 compression, 38589 avg bps)
Encoding .\origrom\03F140.dcs : OK, 352 DCS frames, 13304 bytes in ROM (12.7:1 compression, 39370 avg bps)
Reusing cached encoding of .\origrom\03F140.dcs
Reusing cached encoding of .\origrom\03F140.dcs
Reusing cached encoding of .\origrom\03BAC2.dcs
Reusing cached encoding of .\origrom\03F140.dcs
Reusing cached encoding of .\origrom\03F140.dcs
Reusing cached encoding of .\origrom\03F140.dcs
Reusing cached encoding of .\origrom\03F140.dcs
Reusing cached encoding of .\origrom\03BAC2.dcs
nbanew.prg(1785): warning: This statement (and everything after it) is unreachable due to an earlier Wait(forever) and/or End
nbanew.prg(1789): warning: This statement (and everything after it) is unreachable due to an earlier Wait(forever) and/or End
Encoding .\origrom\09C0EE.dcs : OK, 341 DCS frames, 15804 bytes in ROM (10.4:1 compression, 48277 avg bps)
Reusing cached encoding of .\origrom\09C0EE.dcs
nbanew.prg(1799): warning: This statement (and everything after it) is unreachable due to an earlier Wait(forever) and/or End
Encoding .\origrom\07C33E.dcs : OK, 81 DCS frames, 2738 bytes in ROM (14.2:1 compression, 35211 avg bps)
nbanew.prg(1804): warning: This statement (and everything after it) is unreachable due to an earlier Wait(forever) and/or End
Encoding .\origrom\07CDF6.dcs : OK, 90 DCS frames, 2861 bytes in ROM (15.1:1 compression, 33113 avg bps)
nbanew.prg(1809): warning: This statement (and everything after it) is unreachable due to an earlier Wait(forever) and/or End
Encoding .\origrom\07D92C.dcs : OK, 120 DCS frames, 3438 bytes in ROM (16.8:1 compression, 29844 avg bps)
nbanew.prg(1814): warning: This statement (and everything after it) is unreachable due to an earlier Wait(forever) and/or End
Encoding .\origrom\024104.dcs : OK, 68 DCS frames, 1500 bytes in ROM (21.8:1 compression, 22978 avg bps)
nbanew.prg(1819): warning: This statement (and everything after it) is unreachable due to an earlier Wait(forever) and/or End
Reusing cached encoding of .\origrom\0F66E8.dcs
nbanew.prg(1824): warning: This statement (and everything after it) is unreachable due to an earlier Wait(forever) and/or End
Encoding .\origrom\0EE602.dcs : OK, 102 DCS frames, 4851 bytes in ROM (10.1:1 compression, 49540 avg bps)
nbanew.prg(1829): warning: This statement (and everything after it) is unreachable due to an earlier Wait(forever) and/or End
Encoding .\origrom\0A2D20.dcs : OK, 185 DCS frames, 5849 bytes in ROM (15.2:1 compression, 32934 avg bps)
nbanew.prg(1834): warning: This statement (and everything after it) is unreachable due to an earlier Wait(forever) and/or End
Encoding .\origrom\0F2332.dcs : OK, 208 DCS frames, 8385 bytes in ROM (11.9:1 compression, 41992 avg bps)
nbanew.prg(1839): warning: This statement (and everything after it) is unreachable due to an earlier Wait(forever) and/or End
Encoding .\origrom\0D201C.dcs : OK, 265 DCS frames, 11299 bytes in ROM (11.3:1 compression, 44414 avg bps)
nbanew.prg(1844): warning: This statement (and everything after it) is unreachable due to an earlier Wait(forever) and/or End
Encoding .\origrom\0D4C3E.dcs : OK, 241 DCS frames, 11084 bytes in ROM (10.4:1 compression, 47908 avg bps)
nbanew.prg(1849): warning: This statement (and everything after it) is unreachable due to an earlier Wait(forever) and/or End
Encoding .\origrom\0C0DBC.dcs : OK, 24 DCS frames, 993 bytes in ROM (11.6:1 compression, 43099 avg bps)
nbanew.prg(1854): warning: This statement (and everything after it) is unreachable due to an earlier Wait(forever) and/or End
Reusing cached encoding of .\origrom\0C0DBC.dcs
nbanew.prg(1859): warning: This statement (and everything after it) is unreachable due to an earlier Wait(forever) and/or End
Reusing cached encoding of .\origrom\0C0DBC.dcs
nbanew.prg(1864): warning: This statement (and everything after it) is unreachable due to an earlier Wait(forever) and/or End
Reusing cached encoding of .\origrom\0C0DBC.dcs
nbanew.prg(1869): warning: This statement (and everything after it) is unreachable due to an earlier Wait(forever) and/or End
Encoding .\origrom\0C11A0.dcs : OK, 34 DCS frames, 1396 bytes in ROM (11.7:1 compression, 42770 avg bps)
nbanew.prg(1874): warning: This statement (and everything after it) is unreachable due to an earlier Wait(forever) and/or End
Reusing cached encoding of .\origrom\0C11A0.dcs
nbanew.prg(1879): warning: This statement (and everything after it) is unreachable due to an earlier Wait(forever) and/or End
Reusing cached encoding of .\origrom\0C11A0.dcs
nbanew.prg(1884): warning: This statement (and everything after it) is unreachable due to an earlier Wait(forever) and/or End
Reusing cached encoding of .\origrom\0C11A0.dcs
nbanew.prg(1889): warning: This statement (and everything after it) is unreachable due to an earlier Wait(forever) and/or End
Encoding .\origrom\0C1718.dcs : OK, 51 DCS frames, 1323 bytes in ROM (18.5:1 compression, 27022 avg bps)
nbanew.prg(1894): warning: This statement (and everything after it) is unreachable due to an earlier Wait(forever) and/or End
Reusing cached encoding of .\origrom\0C1718.dcs
nbanew.prg(1899): warning: This statement (and everything after it) is unreachable due to an earlier Wait(forever) and/or End
Reusing cached encoding of .\origrom\0C1718.dcs
nbanew.prg(1904): warning: This statement (and everything after it) is unreachable due to an earlier Wait(forever) and/or End
Reusing cached encoding of .\origrom\0C1718.dcs
nbanew.prg(1909): warning: This statement (and everything after it) is unreachable due to an earlier Wait(forever) and/or End
Encoding .\origrom\0C1C44.dcs : OK, 32 DCS frames, 1304 bytes in ROM (11.8:1 compression, 42448 avg bps)
nbanew.prg(1914): warning: This statement (and everything after it) is unreachable due to an earlier Wait(forever) and/or End
Reusing cached encoding of .\origrom\0C1C44.dcs
nbanew.prg(1919): warning: This statement (and everything after it) is unreachable due to an earlier Wait(forever) and/or End
Reusing cached encoding of .\origrom\0C1C44.dcs
nbanew.prg(1924): warning: This statement (and everything after it) is unreachable due to an earlier Wait(forever) and/or End
Reusing cached encoding of .\origrom\0C1C44.dcs
nbanew.prg(1929): warning: This statement (and everything after it) is unreachable due to an earlier Wait(forever) and/or End
Encoding .\origrom\0C215E.dcs : OK, 37 DCS frames, 1652 bytes in ROM (10.8:1 compression, 46509 avg bps)
nbanew.prg(1934): warning: This statement (and everything after it) is unreachable due to an earlier Wait(forever) and/or End
Reusing cached encoding of .\origrom\0C215E.dcs
nbanew.prg(1939): warning: This statement (and everything after it) is unreachable due to an earlier Wait(forever) and/or End
Reusing cached encoding of .\origrom\0C215E.dcs
nbanew.prg(1944): warning: This statement (and everything after it) is unreachable due to an earlier Wait(forever) and/or End
Reusing cached encoding of .\origrom\0C215E.dcs
nbanew.prg(1949): warning: This statement (and everything after it) is unreachable due to an earlier Wait(forever) and/or End
Encoding .\origrom\09FED8.dcs : OK, 30 DCS frames, 971 bytes in ROM (14.8:1 compression, 33715 avg bps)
nbanew.prg(1954): warning: This statement (and everything after it) is unreachable due to an earlier Wait(forever) and/or End
Encoding .\origrom\0A02A4.dcs : OK, 32 DCS frames, 990 bytes in ROM (15.5:1 compression, 32227 avg bps)
nbanew.prg(1959): warning: This statement (and everything after it) is unreachable due to an earlier Wait(forever) and/or End
Encoding .\origrom\06C49E.dcs : OK, 32 DCS frames, 1604 bytes in ROM (9.6:1 compression, 52214 avg bps)
nbanew.prg(1964): warning: This statement (and everything after it) is unreachable due to an earlier Wait(forever) and/or End
Reusing cached encoding of .\origrom\06C49E.dcs
nbanew.prg(1969): warning: This statement (and everything after it) is unreachable due to an earlier Wait(forever) and/or End
Reusing cached encoding of .\origrom\06C49E.dcs
nbanew.prg(1974): warning: This statement (and everything after it) is unreachable due to an earlier Wait(forever) and/or End
Encoding .\origrom\06CAEA.dcs : OK, 56 DCS frames, 1723 bytes in ROM (15.6:1 compression, 32050 avg bps)
nbanew.prg(1979): warning: This statement (and everything after it) is unreachable due to an earlier Wait(forever) and/or End
Reusing cached encoding of .\origrom\06CAEA.dcs
nbanew.prg(1984): warning: This statement (and everything after it) is unreachable due to an earlier Wait(forever) and/or End
Reusing cached encoding of .\origrom\06CAEA.dcs
nbanew.prg(1989): warning: This statement (and everything after it) is unreachable due to an earlier Wait(forever) and/or End
Encoding .\origrom\06D1AA.dcs : OK, 55 DCS frames, 2769 bytes in ROM (9.5:1 compression, 52443 avg bps)
nbanew.prg(1994): warning: This statement (and everything after it) is unreachable due to an earlier Wait(forever) and/or End
Reusing cached encoding of .\origrom\06D1AA.dcs
nbanew.prg(1999): warning: This statement (and everything after it) is unreachable due to an earlier Wait(forever) and/or End
Reusing cached encoding of .\origrom\06D1AA.dcs
nbanew.prg(2004): warning: This statement (and everything after it) is unreachable due to an earlier Wait(forever) and/or End
Encoding .\origrom\06DC7A.dcs : OK, 69 DCS frames, 3177 bytes in ROM (10.4:1 compression, 47962 avg bps)
nbanew.prg(2009): warning: This statement (and everything after it) is unreachable due to an earlier Wait(forever) and/or End
Reusing cached encoding of .\origrom\06DC7A.dcs
nbanew.prg(2014): warning: This statement (and everything after it) is unreachable due to an earlier Wait(forever) and/or End
Reusing cached encoding of .\origrom\06DC7A.dcs
nbanew.prg(2019): warning: This statement (and everything after it) is unreachable due to an earlier Wait(forever) and/or End
Encoding .\origrom\0699CE.dcs : OK, 135 DCS frames, 5335 bytes in ROM (12.1:1 compression, 41165 avg bps)
nbanew.prg(2024): warning: This statement (and everything after it) is unreachable due to an earlier Wait(forever) and/or End
Encoding .\origrom\070364.dcs : OK, 99 DCS frames, 4418 bytes in ROM (10.8:1 compression, 46486 avg bps)
nbanew.prg(2029): warning: This statement (and everything after it) is unreachable due to an earlier Wait(forever) and/or End
Reusing cached encoding of .\origrom\070364.dcs
nbanew.prg(2034): warning: This statement (and everything after it) is unreachable due to an earlier Wait(forever) and/or End
Reusing cached encoding of .\origrom\070364.dcs
nbanew.prg(2039): warning: This statement (and everything after it) is unreachable due to an earlier Wait(forever) and/or End
Encoding .\origrom\06E8EA.dcs : OK, 183 DCS frames, 6771 bytes in ROM (13.0:1 compression, 38542 avg bps)
nbanew.prg(2044): warning: This statement (and everything after it) is unreachable due to an earlier Wait(forever) and/or End
Reusing cached encoding of .\origrom\06E8EA.dcs
nbanew.prg(2049): warning: This statement (and everything after it) is unreachable due to an earlier Wait(forever) and/or End
Reusing cached encoding of .\origrom\06E8EA.dcs
nbanew.prg(2054): warning: This statement (and everything after it) is unreachable due to an earlier Wait(forever) and/or End
Reusing cached encoding of .\origrom\06E8EA.dcs
nbanew.prg(2059): warning: This statement (and everything after it) is unreachable due to an earlier Wait(forever) and/or End
Encoding .\origrom\0C27D6.dcs : OK, 179 DCS frames, 6408 bytes in ROM (13.4:1 compression, 37291 avg bps)
nbanew.prg(2064): warning: This statement (and everything after it) is unreachable due to an earlier Wait(forever) and/or End
Reusing cached encoding of .\origrom\0C27D6.dcs
nbanew.prg(2069): warning: This statement (and everything after it) is unreachable due to an earlier Wait(forever) and/or End
Reusing cached encoding of .\origrom\0C27D6.dcs
nbanew.prg(2074): warning: This statement (and everything after it) is unreachable due to an earlier Wait(forever) and/or End
Reusing cached encoding of .\origrom\0C27D6.dcs
nbanew.prg(2079): warning: This statement (and everything after it) is unreachable due to an earlier Wait(forever) and/or End
Encoding .\origrom\02969E.dcs : OK, 52 DCS frames, 2469 bytes in ROM (10.1:1 compression, 49459 avg bps)
nbanew.prg(2084): warning: This statement (and everything after it) is unreachable due to an earlier Wait(forever) and/or End
Reusing cached encoding of .\origrom\02969E.dcs
nbanew.prg(2089): warning: This statement (and everything after it) is unreachable due to an earlier Wait(forever) and/or End
Reusing cached encoding of .\origrom\02969E.dcs
nbanew.prg(2094): warning: This statement (and everything after it) is unreachable due to an earlier Wait(forever) and/or End
Reusing cached encoding of .\origrom\02969E.dcs
nbanew.prg(2099): warning: This statement (and everything after it) is unreachable due to an earlier Wait(forever) and/or End
Encoding .\origrom\01749C.dcs : OK, 48 DCS frames, 1121 bytes in ROM (20.6:1 compression, 24327 avg bps)
nbanew.prg(2104): warning: This statement (and everything after it) is unreachable due to an earlier Wait(forever) and/or End
Encoding .\origrom\0178FE.dcs : OK, 54 DCS frames, 1060 bytes in ROM (24.5:1 compression, 20448 avg bps)
nbanew.prg(2109): warning: This statement (and everything after it) is unreachable due to an earlier Wait(forever) and/or End
Encoding .\origrom\017D22.dcs : OK, 81 DCS frames, 1603 bytes in ROM (24.3:1 compression, 20615 avg bps)
nbanew.prg(2114): warning: This statement (and everything after it) is unreachable due to an earlier Wait(forever) and/or End
Encoding .\origrom\0DE916.dcs : OK, 38 DCS frames, 824 bytes in ROM (22.1:1 compression, 22588 avg bps)
nbanew.prg(2119): warning: This statement (and everything after it) is unreachable due to an earlier Wait(forever) and/or End
Encoding .\origrom\018366.dcs : OK, 65 DCS frames, 1489 bytes in ROM (21.0:1 compression, 23862 avg bps)
nbanew.prg(2124): warning: This statement (and everything after it) is unreachable due to an earlier Wait(forever) and/or End
Encoding .\origrom\014E0C.dcs : OK, 398 DCS frames, 7998 bytes in ROM (23.9:1 compression, 20933 avg bps)
nbanew.prg(2129): warning: This statement (and everything after it) is unreachable due to an earlier Wait(forever) and/or End
Encoding .\origrom\3DB804.dcs : OK, 192 DCS frames, 6776 bytes in ROM (13.6:1 compression, 36762 avg bps)
nbanew.prg(2136): warning: This statement (and everything after it) is unreachable due to an earlier Wait(forever) and/or End
Reusing cached encoding of .\origrom\3DB804.dcs
nbanew.prg(2143): warning: This statement (and everything after it) is unreachable due to an earlier Wait(forever) and/or End
Encoding .\origrom\3DD27E.dcs : OK, 156 DCS frames, 5537 bytes in ROM (13.5:1 compression, 36972 avg bps)
nbanew.prg(2150): warning: This statement (and everything after it) is unreachable due to an earlier Wait(forever) and/or End
Reusing cached encoding of .\origrom\3DD27E.dcs
nbanew.prg(2157): warning: This statement (and everything after it) is unreachable due to an earlier Wait(forever) and/or End
Encoding .\origrom\1CF800.dcs : OK, 125 DCS frames, 4763 bytes in ROM (12.6:1 compression, 39692 avg bps)
nbanew.prg(2164): warning: This statement (and everything after it) is unreachable due to an earlier Wait(forever) and/or End
Reusing cached encoding of .\origrom\1CF800.dcs
nbanew.prg(2171): warning: This statement (and everything after it) is unreachable due to an earlier Wait(forever) and/or End
Encoding .\origrom\2DD210.dcs : OK, 381 DCS frames, 12229 bytes in ROM (15.0:1 compression, 33434 avg bps)
nbanew.prg(2178): warning: This statement (and everything after it) is unreachable due to an earlier Wait(forever) and/or End
Reusing cached encoding of .\origrom\2DD210.dcs
nbanew.prg(2185): warning: This statement (and everything after it) is unreachable due to an earlier Wait(forever) and/or End
Encoding .\origrom\1D0A9E.dcs : OK, 257 DCS frames, 10118 bytes in ROM (12.2:1 compression, 41010 avg bps)
nbanew.prg(2192): warning: This statement (and everything after it) is unreachable due to an earlier Wait(forever) and/or End
Reusing cached encoding of .\origrom\1D0A9E.dcs
nbanew.prg(2199): warning: This statement (and everything after it) is unreachable due to an earlier Wait(forever) and/or End
Encoding .\origrom\2E01D6.dcs : OK, 269 DCS frames, 10018 bytes in ROM (12.9:1 compression, 38793 avg bps)
nbanew.prg(2206): warning: This statement (and everything after it) is unreachable due to an earlier Wait(forever) and/or End
Reusing cached encoding of .\origrom\2E01D6.dcs
nbanew.prg(2213): warning: This statement (and everything after it) is unreachable due to an earlier Wait(forever) and/or End
Encoding .\origrom\0F4FCA.dcs : OK, 104 DCS frames, 3022 bytes in ROM (16.5:1 compression, 30268 avg bps)
nbanew.prg(2218): warning: This statement (and everything after it) is unreachable due to an earlier Wait(forever) and/or End
Encoding .\origrom\0F5B9E.dcs : OK, 98 DCS frames, 2888 bytes in ROM (16.3:1 compression, 30697 avg bps)
nbanew.prg(2223): warning: This statement (and everything after it) is unreachable due to an earlier Wait(forever) and/or End
Encoding .\origrom\02A044.dcs : OK, 303 DCS frames, 6433 bytes in ROM (22.6:1 compression, 22116 avg bps)
nbanew.prg(2228): warning: This statement (and everything after it) is unreachable due to an earlier Wait(forever) and/or End
Reusing cached encoding of .\origrom\02A044.dcs
nbanew.prg(2233): warning: This statement (and everything after it) is unreachable due to an earlier Wait(forever) and/or End
Encoding .\origrom\02B966.dcs : OK, 71 DCS frames, 1615 bytes in ROM (21.1:1 compression, 23694 avg bps)
nbanew.prg(2238): warning: This statement (and everything after it) is unreachable due to an earlier Wait(forever) and/or End
Reusing cached encoding of .\origrom\02B966.dcs
nbanew.prg(2243): warning: This statement (and everything after it) is unreachable due to an earlier Wait(forever) and/or End
Encoding .\origrom\02BFB6.dcs : OK, 235 DCS frames, 6112 bytes in ROM (18.5:1 compression, 27092 avg bps)
nbanew.prg(2248): warning: This statement (and everything after it) is unreachable due to an earlier Wait(forever) and/or End
Reusing cached encoding of .\origrom\02BFB6.dcs
nbanew.prg(2253): warning: This statement (and everything after it) is unreachable due to an earlier Wait(forever) and/or End
Encoding .\origrom\02D798.dcs : OK, 376 DCS frames, 11280 bytes in ROM (16.0:1 compression, 31250 avg bps)
nbanew.prg(2258): warning: This statement (and everything after it) is unreachable due to an earlier Wait(forever) and/or End
Reusing cached encoding of .\origrom\02D798.dcs
nbanew.prg(2263): warning: This statement (and everything after it) is unreachable due to an earlier Wait(forever) and/or End
Encoding .\origrom\10000E.dcs : OK, 504 DCS frames, 24745 bytes in ROM (9.8:1 compression, 51143 avg bps)
nbanew.prg(2268): warning: This statement (and everything after it) is unreachable due to an earlier Wait(forever) and/or End
Encoding .\origrom\20000E.dcs : OK, 429 DCS frames, 20806 bytes in ROM (9.9:1 compression, 50520 avg bps)
nbanew.prg(2273): warning: This statement (and everything after it) is unreachable due to an earlier Wait(forever) and/or End
Encoding .\origrom\0F9814.dcs : OK, 462 DCS frames, 22005 bytes in ROM (10.1:1 compression, 49614 avg bps)
nbanew.prg(2278): warning: This statement (and everything after it) is unreachable due to an earlier Wait(forever) and/or End
Encoding .\origrom\04310A.dcs : OK, 392 DCS frames, 18843 bytes in ROM (10.0:1 compression, 50072 avg bps)
nbanew.prg(2283): warning: This statement (and everything after it) is unreachable due to an earlier Wait(forever) and/or End
Encoding .\origrom\0246E0.dcs : OK, 450 DCS frames, 20412 bytes in ROM (10.6:1 compression, 47250 avg bps)
nbanew.prg(2288): warning: This statement (and everything after it) is unreachable due to an earlier Wait(forever) and/or End
Encoding .\origrom\04A8A6.dcs : OK, 202 DCS frames, 9446 bytes in ROM (10.3:1 compression, 48711 avg bps)
Reusing cached encoding of .\origrom\04A8A6.dcs
nbanew.prg(2294): warning: This statement (and everything after it) is unreachable due to an earlier Wait(forever) and/or End
Encoding .\origrom\03789C.dcs : OK, 248 DCS frames, 11669 bytes in ROM (10.2:1 compression, 49013 avg bps)
Reusing cached encoding of .\origrom\03789C.dcs
nbanew.prg(2300): warning: This statement (and everything after it) is unreachable due to an earlier Wait(forever) and/or End
Encoding .\origrom\0BD9E4.dcs : OK, 316 DCS frames, 11489 bytes in ROM (13.2:1 compression, 37872 avg bps)
nbanew.prg(2305): warning: This statement (and everything after it) is unreachable due to an earlier Wait(forever) and/or End
Encoding .\origrom\30000E.dcs : OK, 359 DCS frames, 15474 bytes in ROM (11.1:1 compression, 44899 avg bps)
nbanew.prg(2310): warning: This statement (and everything after it) is unreachable due to an earlier Wait(forever) and/or End
Encoding .\origrom\07968E.dcs : OK, 247 DCS frames, 11398 bytes in ROM (10.4:1 compression, 48068 avg bps)
nbanew.prg(2315): warning: This statement (and everything after it) is unreachable due to an earlier Wait(forever) and/or End
Encoding .\origrom\0A1EAA.dcs : OK, 68 DCS frames, 3698 bytes in ROM (8.8:1 compression, 56648 avg bps)
nbanew.prg(2320): warning: This statement (and everything after it) is unreachable due to an earlier Wait(forever) and/or End
Reusing cached encoding of .\origrom\0A1EAA.dcs
nbanew.prg(2325): warning: This statement (and everything after it) is unreachable due to an earlier Wait(forever) and/or End
Reusing cached encoding of .\origrom\0A1EAA.dcs
nbanew.prg(2330): warning: This statement (and everything after it) is unreachable due to an earlier Wait(forever) and/or End
Reusing cached encoding of .\origrom\0A1EAA.dcs
nbanew.prg(2335): warning: This statement (and everything after it) is unreachable due to an earlier Wait(forever) and/or End
Encoding .\origrom\016D4A.dcs : OK, 98 DCS frames, 1873 bytes in ROM (25.1:1 compression, 19909 avg bps)
nbanew.prg(2340): warning: This statement (and everything after it) is unreachable due to an earlier Wait(forever) and/or End
Reusing cached encoding of .\origrom\016D4A.dcs
nbanew.prg(2345): warning: This statement (and everything after it) is unreachable due to an earlier Wait(forever) and/or End
Reusing cached encoding of .\origrom\016D4A.dcs
nbanew.prg(2350): warning: This statement (and everything after it) is unreachable due to an earlier Wait(forever) and/or End
Reusing cached encoding of .\origrom\016D4A.dcs
nbanew.prg(2355): warning: This statement (and everything after it) is unreachable due to an earlier Wait(forever) and/or End
Reusing cached encoding of .\origrom\016D4A.dcs
nbanew.prg(2360): warning: This statement (and everything after it) is unreachable due to an earlier Wait(forever) and/or End
Encoding .\origrom\018938.dcs : OK, 351 DCS frames, 11061 bytes in ROM (15.2:1 compression, 32826 avg bps)
nbanew.prg(2365): warning: This statement (and everything after it) is unreachable due to an earlier Wait(forever) and/or End
Reusing cached encoding of .\origrom\018938.dcs
nbanew.prg(2370): warning: This statement (and everything after it) is unreachable due to an earlier Wait(forever) and/or End
Encoding .\origrom\03A632.dcs : OK, 242 DCS frames, 5262 bytes in ROM (22.1:1 compression, 22650 avg bps)
nbanew.prg(2375): warning: This statement (and everything after it) is unreachable due to an earlier Wait(forever) and/or End
Reusing cached encoding of .\origrom\03A632.dcs
nbanew.prg(2380): warning: This statement (and everything after it) is unreachable due to an earlier Wait(forever) and/or End
Encoding .\origrom\081290.dcs : OK, 353 DCS frames, 9897 bytes in ROM (17.1:1 compression, 29205 avg bps)
nbanew.prg(2385): warning: This statement (and everything after it) is unreachable due to an earlier Wait(forever) and/or End
Reusing cached encoding of .\origrom\081290.dcs
nbanew.prg(2390): warning: This statement (and everything after it) is unreachable due to an earlier Wait(forever) and/or End
Encoding .\origrom\0E444C.dcs : OK, 539 DCS frames, 9888 bytes in ROM (26.2:1 compression, 19109 avg bps)
nbanew.prg(2395): warning: This statement (and everything after it) is unreachable due to an earlier Wait(forever) and/or End
Reusing cached encoding of .\origrom\0E444C.dcs
nbanew.prg(2400): warning: This statement (and everything after it) is unreachable due to an earlier Wait(forever) and/or End
Encoding .\origrom\0E94E6.dcs : OK, 368 DCS frames, 9912 bytes in ROM (17.8:1 compression, 28057 avg bps)
nbanew.prg(2405): warning: This statement (and everything after it) is unreachable due to an earlier Wait(forever) and/or End
Reusing cached encoding of .\origrom\0E94E6.dcs
nbanew.prg(2410): warning: This statement (and everything after it) is unreachable due to an earlier Wait(forever) and/or End
Encoding .\origrom\0E6AEE.dcs : OK, 430 DCS frames, 10743 bytes in ROM (19.2:1 compression, 26025 avg bps)
nbanew.prg(2415): warning: This statement (and everything after it) is unreachable due to an earlier Wait(forever) and/or End
Reusing cached encoding of .\origrom\0E6AEE.dcs
nbanew.prg(2420): warning: This statement (and everything after it) is unreachable due to an earlier Wait(forever) and/or End
Encoding .\origrom\078154.dcs : OK, 118 DCS frames, 5430 bytes in ROM (10.4:1 compression, 47934 avg bps)
nbanew.prg(2425): warning: This statement (and everything after it) is unreachable due to an earlier Wait(forever) and/or End
Reusing cached encoding of .\origrom\078154.dcs
nbanew.prg(2430): warning: This statement (and everything after it) is unreachable due to an earlier Wait(forever) and/or End
Reusing cached encoding of .\origrom\078154.dcs
nbanew.prg(2435): warning: This statement (and everything after it) is unreachable due to an earlier Wait(forever) and/or End
Reusing cached encoding of .\origrom\078154.dcs
nbanew.prg(2440): warning: This statement (and everything after it) is unreachable due to an earlier Wait(forever) and/or End
Encoding .\origrom\06AEA6.dcs : OK, 120 DCS frames, 5623 bytes in ROM (10.2:1 compression, 48811 avg bps)
nbanew.prg(2445): warning: This statement (and everything after it) is unreachable due to an earlier Wait(forever) and/or End
Reusing cached encoding of .\origrom\06AEA6.dcs
nbanew.prg(2450): warning: This statement (and everything after it) is unreachable due to an earlier Wait(forever) and/or End
Reusing cached encoding of .\origrom\06AEA6.dcs
nbanew.prg(2455): warning: This statement (and everything after it) is unreachable due to an earlier Wait(forever) and/or End
Reusing cached encoding of .\origrom\06AEA6.dcs
nbanew.prg(2460): warning: This statement (and everything after it) is unreachable due to an earlier Wait(forever) and/or End
Encoding .\origrom\047EE2.dcs : OK, 58 DCS frames, 1257 bytes in ROM (22.1:1 compression, 22575 avg bps)
nbanew.prg(2465): warning: This statement (and everything after it) is unreachable due to an earlier Wait(forever) and/or End
Reusing cached encoding of .\origrom\047EE2.dcs
nbanew.prg(2470): warning: This statement (and everything after it) is unreachable due to an earlier Wait(forever) and/or End
Reusing cached encoding of .\origrom\047EE2.dcs
nbanew.prg(2475): warning: This statement (and everything after it) is unreachable due to an earlier Wait(forever) and/or End
Reusing cached encoding of .\origrom\047EE2.dcs
nbanew.prg(2480): warning: This statement (and everything after it) is unreachable due to an earlier Wait(forever) and/or End
Encoding .\origrom\04889E.dcs : OK, 102 DCS frames, 3130 bytes in ROM (15.6:1 compression, 31965 avg bps)
nbanew.prg(2485): warning: This statement (and everything after it) is unreachable due to an earlier Wait(forever) and/or End
Reusing cached encoding of .\origrom\04889E.dcs
nbanew.prg(2490): warning: This statement (and everything after it) is unreachable due to an earlier Wait(forever) and/or End
Reusing cached encoding of .\origrom\04889E.dcs
nbanew.prg(2495): warning: This statement (and everything after it) is unreachable due to an earlier Wait(forever) and/or End
Reusing cached encoding of .\origrom\04889E.dcs
nbanew.prg(2500): warning: This statement (and everything after it) is unreachable due to an earlier Wait(forever) and/or End
Encoding .\origrom\0494DC.dcs : OK, 50 DCS frames, 1230 bytes in ROM (19.5:1 compression, 25625 avg bps)
nbanew.prg(2505): warning: This statement (and everything after it) is unreachable due to an earlier Wait(forever) and/or End
Reusing cached encoding of .\origrom\0494DC.dcs
nbanew.prg(2510): warning: This statement (and everything after it) is unreachable due to an earlier Wait(forever) and/or End
Reusing cached encoding of .\origrom\0494DC.dcs
nbanew.prg(2515): warning: This statement (and everything after it) is unreachable due to an earlier Wait(forever) and/or End
Reusing cached encoding of .\origrom\0494DC.dcs
nbanew.prg(2520): warning: This statement (and everything after it) is unreachable due to an earlier Wait(forever) and/or End
Encoding .\origrom\047AA8.dcs : OK, 53 DCS frames, 1078 bytes in ROM (23.6:1 compression, 21187 avg bps)
nbanew.prg(2525): warning: This statement (and everything after it) is unreachable due to an earlier Wait(forever) and/or End
Reusing cached encoding of .\origrom\047AA8.dcs
nbanew.prg(2530): warning: This statement (and everything after it) is unreachable due to an earlier Wait(forever) and/or End
Reusing cached encoding of .\origrom\047AA8.dcs
nbanew.prg(2535): warning: This statement (and everything after it) is unreachable due to an earlier Wait(forever) and/or End
Reusing cached encoding of .\origrom\047AA8.dcs
nbanew.prg(2540): warning: This statement (and everything after it) is unreachable due to an earlier Wait(forever) and/or End
Encoding .\origrom\0483CE.dcs : OK, 75 DCS frames, 1229 bytes in ROM (29.3:1 compression, 17069 avg bps)
nbanew.prg(2545): warning: This statement (and everything after it) is unreachable due to an earlier Wait(forever) and/or End
Reusing cached encoding of .\origrom\0483CE.dcs
nbanew.prg(2550): warning: This statement (and everything after it) is unreachable due to an earlier Wait(forever) and/or End
Reusing cached encoding of .\origrom\0483CE.dcs
nbanew.prg(2555): warning: This statement (and everything after it) is unreachable due to an earlier Wait(forever) and/or End
Reusing cached encoding of .\origrom\0483CE.dcs
nbanew.prg(2560): warning: This statement (and everything after it) is unreachable due to an earlier Wait(forever) and/or End
Encoding .\origrom\0EBBA0.dcs : OK, 259 DCS frames, 10847 bytes in ROM (11.5:1 compression, 43625 avg bps)
nbanew.prg(2565): warning: This statement (and everything after it) is unreachable due to an earlier Wait(forever) and/or End
Reusing cached encoding of .\origrom\0EBBA0.dcs
nbanew.prg(2570): warning: This statement (and everything after it) is unreachable due to an earlier Wait(forever) and/or End
Reusing cached encoding of .\origrom\0EBBA0.dcs
nbanew.prg(2575): warning: This statement (and everything after it) is unreachable due to an earlier Wait(forever) and/or End
Reusing cached encoding of .\origrom\0EBBA0.dcs
nbanew.prg(2580): warning: This statement (and everything after it) is unreachable due to an earlier Wait(forever) and/or End
Encoding .\origrom\0C7840.dcs : OK, 112 DCS frames, 4766 bytes in ROM (11.3:1 compression, 44327 avg bps)
nbanew.prg(2585): warning: This statement (and everything after it) is unreachable due to an earlier Wait(forever) and/or End
Reusing cached encoding of .\origrom\0C7840.dcs
nbanew.prg(2590): warning: This statement (and everything after it) is unreachable due to an earlier Wait(forever) and/or End
Reusing cached encoding of .\origrom\0C7840.dcs
nbanew.prg(2595): warning: This statement (and everything after it) is unreachable due to an earlier Wait(forever) and/or End
Reusing cached encoding of .\origrom\0C7840.dcs
nbanew.prg(2600): warning: This statement (and everything after it) is unreachable due to an earlier Wait(forever) and/or End
Encoding .\origrom\0983E4.dcs : OK, 187 DCS frames, 7270 bytes in ROM (12.3:1 compression, 40497 avg bps)
nbanew.prg(2605): warning: This statement (and everything after it) is unreachable due to an earlier Wait(forever) and/or End
Encoding .\origrom\07E69E.dcs : OK, 304 DCS frames, 11249 bytes in ROM (13.0:1 compression, 38545 avg bps)
nbanew.prg(2610): warning: This statement (and everything after it) is unreachable due to an earlier Wait(forever) and/or End
Encoding .\origrom\0A6072.dcs : OK, 31 DCS frames, 743 bytes in ROM (20.0:1 compression, 24966 avg bps)
nbanew.prg(2615): warning: This statement (and everything after it) is unreachable due to an earlier Wait(forever) and/or End
Reusing cached encoding of .\origrom\0A6072.dcs
nbanew.prg(2620): warning: This statement (and everything after it) is unreachable due to an earlier Wait(forever) and/or End
Reusing cached encoding of .\origrom\0A6072.dcs
nbanew.prg(2625): warning: This statement (and everything after it) is unreachable due to an earlier Wait(forever) and/or End
Reusing cached encoding of .\origrom\0A6072.dcs
nbanew.prg(2630): warning: This statement (and everything after it) is unreachable due to an earlier Wait(forever) and/or End
Encoding .\origrom\0499AC.dcs : OK, 68 DCS frames, 3830 bytes in ROM (8.5:1 compression, 58670 avg bps)
nbanew.prg(2635): warning: This statement (and everything after it) is unreachable due to an earlier Wait(forever) and/or End
Reusing cached encoding of .\origrom\0499AC.dcs
nbanew.prg(2640): warning: This statement (and everything after it) is unreachable due to an earlier Wait(forever) and/or End
Reusing cached encoding of .\origrom\0499AC.dcs
nbanew.prg(2645): warning: This statement (and everything after it) is unreachable due to an earlier Wait(forever) and/or End
Reusing cached encoding of .\origrom\0499AC.dcs
nbanew.prg(2650): warning: This statement (and everything after it) is unreachable due to an earlier Wait(forever) and/or End
Encoding .\origrom\0DE466.dcs : OK, 66 DCS frames, 1198 bytes in ROM (26.4:1 compression, 18908 avg bps)
nbanew.prg(2655): warning: This statement (and everything after it) is unreachable due to an earlier Wait(forever) and/or End
Reusing cached encoding of .\origrom\0DE466.dcs
nbanew.prg(2660): warning: This statement (and everything after it) is unreachable due to an earlier Wait(forever) and/or End
Reusing cached encoding of .\origrom\0DE466.dcs
nbanew.prg(2665): warning: This statement (and everything after it) is unreachable due to an earlier Wait(forever) and/or End
Reusing cached encoding of .\origrom\0DE466.dcs
nbanew.prg(2670): warning: This statement (and everything after it) is unreachable due to an earlier Wait(forever) and/or End
Encoding .\origrom\0DDFD4.dcs : OK, 50 DCS frames, 1168 bytes in ROM (20.5:1 compression, 24333 avg bps)
nbanew.prg(2675): warning: This statement (and everything after it) is unreachable due to an earlier Wait(forever) and/or End
Reusing cached encoding of .\origrom\0DDFD4.dcs
nbanew.prg(2680): warning: This statement (and everything after it) is unreachable due to an earlier Wait(forever) and/or End
Reusing cached encoding of .\origrom\0DDFD4.dcs
nbanew.prg(2685): warning: This statement (and everything after it) is unreachable due to an earlier Wait(forever) and/or End
Reusing cached encoding of .\origrom\0DDFD4.dcs
nbanew.prg(2690): warning: This statement (and everything after it) is unreachable due to an earlier Wait(forever) and/or End
Encoding .\origrom\0DC014.dcs : OK, 76 DCS frames, 1747 bytes in ROM (20.9:1 compression, 23945 avg bps)
nbanew.prg(2695): warning: This statement (and everything after it) is unreachable due to an earlier Wait(forever) and/or End
Reusing cached encoding of .\origrom\0DC014.dcs
nbanew.prg(2700): warning: This statement (and everything after it) is unreachable due to an earlier Wait(forever) and/or End
Reusing cached encoding of .\origrom\0DC014.dcs
nbanew.prg(2705): warning: This statement (and everything after it) is unreachable due to an earlier Wait(forever) and/or End
Reusing cached encoding of .\origrom\0DC014.dcs
nbanew.prg(2710): warning: This statement (and everything after it) is unreachable due to an earlier Wait(forever) and/or End
Encoding .\origrom\0DC6EC.dcs : OK, 88 DCS frames, 2053 bytes in ROM (20.6:1 compression, 24302 avg bps)
nbanew.prg(2715): warning: This statement (and everything after it) is unreachable due to an earlier Wait(forever) and/or End
Reusing cached encoding of .\origrom\0DC6EC.dcs
nbanew.prg(2720): warning: This statement (and everything after it) is unreachable due to an earlier Wait(forever) and/or End
Reusing cached encoding of .\origrom\0DC6EC.dcs
nbanew.prg(2725): warning: This statement (and everything after it) is unreachable due to an earlier Wait(forever) and/or End
Reusing cached encoding of .\origrom\0DC6EC.dcs
nbanew.prg(2730): warning: This statement (and everything after it) is unreachable due to an earlier Wait(forever) and/or End
Encoding .\origrom\0DCEF4.dcs : OK, 166 DCS frames, 4318 bytes in ROM (18.5:1 compression, 27096 avg bps)
nbanew.prg(2735): warning: This statement (and everything after it) is unreachable due to an earlier Wait(forever) and/or End
Reusing cached encoding of .\origrom\0DCEF4.dcs
nbanew.prg(2740): warning: This statement (and everything after it) is unreachable due to an earlier Wait(forever) and/or End
Reusing cached encoding of .\origrom\0DCEF4.dcs
nbanew.prg(2745): warning: This statement (and everything after it) is unreachable due to an earlier Wait(forever) and/or End
Reusing cached encoding of .\origrom\0DCEF4.dcs
nbanew.prg(2750): warning: This statement (and everything after it) is unreachable due to an earlier Wait(forever) and/or End
Encoding .\origrom\0DAF10.dcs : OK, 157 DCS frames, 4354 bytes in ROM (17.3:1 compression, 28888 avg bps)
nbanew.prg(2755): warning: This statement (and everything after it) is unreachable due to an earlier Wait(forever) and/or End
Reusing cached encoding of .\origrom\0DAF10.dcs
nbanew.prg(2760): warning: This statement (and everything after it) is unreachable due to an earlier Wait(forever) and/or End
Reusing cached encoding of .\origrom\0DAF10.dcs
nbanew.prg(2765): warning: This statement (and everything after it) is unreachable due to an earlier Wait(forever) and/or End
Reusing cached encoding of .\origrom\0DAF10.dcs
nbanew.prg(2770): warning: This statement (and everything after it) is unreachable due to an earlier Wait(forever) and/or End
Encoding .\origrom\0D941A.dcs : OK, 237 DCS frames, 6901 bytes in ROM (16.5:1 compression, 30331 avg bps)
nbanew.prg(2775): warning: This statement (and everything after it) is unreachable due to an earlier Wait(forever) and/or End
Reusing cached encoding of .\origrom\0D941A.dcs
nbanew.prg(2780): warning: This statement (and everything after it) is unreachable due to an earlier Wait(forever) and/or End
Reusing cached encoding of .\origrom\0D941A.dcs
nbanew.prg(2785): warning: This statement (and everything after it) is unreachable due to an earlier Wait(forever) and/or End
Reusing cached encoding of .\origrom\0D941A.dcs
nbanew.prg(2790): warning: This statement (and everything after it) is unreachable due to an earlier Wait(forever) and/or End
Encoding .\origrom\0D778E.dcs : OK, 169 DCS frames, 7306 bytes in ROM (11.1:1 compression, 45032 avg bps)
nbanew.prg(2795): warning: This statement (and everything after it) is unreachable due to an earlier Wait(forever) and/or End
Reusing cached encoding of .\origrom\0D778E.dcs
nbanew.prg(2800): warning: This statement (and everything after it) is unreachable due to an earlier Wait(forever) and/or End
Reusing cached encoding of .\origrom\0D778E.dcs
nbanew.prg(2805): warning: This statement (and everything after it) is unreachable due to an earlier Wait(forever) and/or End
Reusing cached encoding of .\origrom\0D778E.dcs
nbanew.prg(2810): warning: This statement (and everything after it) is unreachable due to an earlier Wait(forever) and/or End
Encoding .\origrom\1060B8.dcs : OK, 89 DCS frames, 1107 bytes in ROM (38.6:1 compression, 12956 avg bps)
nbanew.prg(2815): warning: This statement (and everything after it) is unreachable due to an earlier Wait(forever) and/or End
Reusing cached encoding of .\origrom\1060B8.dcs
nbanew.prg(2820): warning: This statement (and everything after it) is unreachable due to an earlier Wait(forever) and/or End
Reusing cached encoding of .\origrom\1060B8.dcs
nbanew.prg(2825): warning: This statement (and everything after it) is unreachable due to an earlier Wait(forever) and/or End
Reusing cached encoding of .\origrom\1060B8.dcs
nbanew.prg(2830): warning: This statement (and everything after it) is unreachable due to an earlier Wait(forever) and/or End
Encoding .\origrom\10650C.dcs : OK, 89 DCS frames, 1138 bytes in ROM (37.5:1 compression, 13319 avg bps)
nbanew.prg(2835): warning: This statement (and everything after it) is unreachable due to an earlier Wait(forever) and/or End
Reusing cached encoding of .\origrom\10650C.dcs
nbanew.prg(2840): warning: This statement (and everything after it) is unreachable due to an earlier Wait(forever) and/or End
Reusing cached encoding of .\origrom\10650C.dcs
nbanew.prg(2845): warning: This statement (and everything after it) is unreachable due to an earlier Wait(forever) and/or End
Reusing cached encoding of .\origrom\10650C.dcs
nbanew.prg(2850): warning: This statement (and everything after it) is unreachable due to an earlier Wait(forever) and/or End
Encoding .\origrom\106980.dcs : OK, 90 DCS frames, 1141 bytes in ROM (37.9:1 compression, 13206 avg bps)
nbanew.prg(2855): warning: This statement (and everything after it) is unreachable due to an earlier Wait(forever) and/or End
Reusing cached encoding of .\origrom\106980.dcs
nbanew.prg(2860): warning: This statement (and everything after it) is unreachable due to an earlier Wait(forever) and/or End
Reusing cached encoding of .\origrom\106980.dcs
nbanew.prg(2865): warning: This statement (and everything after it) is unreachable due to an earlier Wait(forever) and/or End
Reusing cached encoding of .\origrom\106980.dcs
nbanew.prg(2870): warning: This statement (and everything after it) is unreachable due to an earlier Wait(forever) and/or End
Encoding .\origrom\106DF6.dcs : OK, 87 DCS frames, 1154 bytes in ROM (36.2:1 compression, 13817 avg bps)
nbanew.prg(2875): warning: This statement (and everything after it) is unreachable due to an earlier Wait(forever) and/or End
Reusing cached encoding of .\origrom\106DF6.dcs
nbanew.prg(2880): warning: This statement (and everything after it) is unreachable due to an earlier Wait(forever) and/or End
Reusing cached encoding of .\origrom\106DF6.dcs
nbanew.prg(2885): warning: This statement (and everything after it) is unreachable due to an earlier Wait(forever) and/or End
Reusing cached encoding of .\origrom\106DF6.dcs
nbanew.prg(2890): warning: This statement (and everything after it) is unreachable due to an earlier Wait(forever) and/or End
Encoding .\origrom\10727A.dcs : OK, 84 DCS frames, 1156 bytes in ROM (34.9:1 compression, 14335 avg bps)
nbanew.prg(2895): warning: This statement (and everything after it) is unreachable due to an earlier Wait(forever) and/or End
Reusing cached encoding of .\origrom\10727A.dcs
nbanew.prg(2900): warning: This statement (and everything after it) is unreachable due to an earlier Wait(forever) and/or End
Reusing cached encoding of .\origrom\10727A.dcs
nbanew.prg(2905): warning: This statement (and everything after it) is unreachable due to an earlier Wait(forever) and/or End
Reusing cached encoding of .\origrom\10727A.dcs
nbanew.prg(2910): warning: This statement (and everything after it) is unreachable due to an earlier Wait(forever) and/or End
Encoding .\origrom\0104DC.dcs : OK, 86 DCS frames, 1141 bytes in ROM (36.2:1 compression, 13820 avg bps)
nbanew.prg(2915): warning: This statement (and everything after it) is unreachable due to an earlier Wait(forever) and/or End
Reusing cached encoding of .\origrom\0104DC.dcs
nbanew.prg(2920): warning: This statement (and everything after it) is unreachable due to an earlier Wait(forever) and/or End
Reusing cached encoding of .\origrom\0104DC.dcs
nbanew.prg(2925): warning: This statement (and everything after it) is unreachable due to an earlier Wait(forever) and/or End
Reusing cached encoding of .\origrom\0104DC.dcs
nbanew.prg(2930): warning: This statement (and everything after it) is unreachable due to an earlier Wait(forever) and/or End
Encoding .\origrom\010954.dcs : OK, 91 DCS frames, 1245 bytes in ROM (35.1:1 compression, 14251 avg bps)
nbanew.prg(2935): warning: This statement (and everything after it) is unreachable due to an earlier Wait(forever) and/or End
Reusing cached encoding of .\origrom\010954.dcs
nbanew.prg(2940): warning: This statement (and everything after it) is unreachable due to an earlier Wait(forever) and/or End
Reusing cached encoding of .\origrom\010954.dcs
nbanew.prg(2945): warning: This statement (and everything after it) is unreachable due to an earlier Wait(forever) and/or End
Reusing cached encoding of .\origrom\010954.dcs
nbanew.prg(2950): warning: This statement (and everything after it) is unreachable due to an earlier Wait(forever) and/or End
Encoding .\origrom\010E32.dcs : OK, 89 DCS frames, 1276 bytes in ROM (33.5:1 compression, 14934 avg bps)
nbanew.prg(2955): warning: This statement (and everything after it) is unreachable due to an earlier Wait(forever) and/or End
Reusing cached encoding of .\origrom\010E32.dcs
nbanew.prg(2960): warning: This statement (and everything after it) is unreachable due to an earlier Wait(forever) and/or End
Reusing cached encoding of .\origrom\010E32.dcs
nbanew.prg(2965): warning: This statement (and everything after it) is unreachable due to an earlier Wait(forever) and/or End
Reusing cached encoding of .\origrom\010E32.dcs
nbanew.prg(2970): warning: This statement (and everything after it) is unreachable due to an earlier Wait(forever) and/or End
Encoding .\origrom\011330.dcs : OK, 87 DCS frames, 1258 bytes in ROM (33.2:1 compression, 15062 avg bps)
nbanew.prg(2975): warning: This statement (and everything after it) is unreachable due to an earlier Wait(forever) and/or End
Reusing cached encoding of .\origrom\011330.dcs
nbanew.prg(2980): warning: This statement (and everything after it) is unreachable due to an earlier Wait(forever) and/or End
Reusing cached encoding of .\origrom\011330.dcs
nbanew.prg(2985): warning: This statement (and everything after it) is unreachable due to an earlier Wait(forever) and/or End
Reusing cached encoding of .\origrom\011330.dcs
nbanew.prg(2990): warning: This statement (and everything after it) is unreachable due to an earlier Wait(forever) and/or End
Encoding .\origrom\00FFC4.dcs : OK, 86 DCS frames, 1301 bytes in ROM (31.7:1 compression, 15758 avg bps)
nbanew.prg(2995): warning: This statement (and everything after it) is unreachable due to an earlier Wait(forever) and/or End
Reusing cached encoding of .\origrom\00FFC4.dcs
nbanew.prg(3000): warning: This statement (and everything after it) is unreachable due to an earlier Wait(forever) and/or End
Reusing cached encoding of .\origrom\00FFC4.dcs
nbanew.prg(3005): warning: This statement (and everything after it) is unreachable due to an earlier Wait(forever) and/or End
Reusing cached encoding of .\origrom\00FFC4.dcs
nbanew.prg(3010): warning: This statement (and everything after it) is unreachable due to an earlier Wait(forever) and/or End
Encoding .\origrom\0F43F4.dcs : OK, 130 DCS frames, 3029 bytes in ROM (20.6:1 compression, 24271 avg bps)
nbanew.prg(3015): warning: This statement (and everything after it) is unreachable due to an earlier Wait(forever) and/or End
Reusing cached encoding of .\origrom\0F43F4.dcs
nbanew.prg(3020): warning: This statement (and everything after it) is unreachable due to an earlier Wait(forever) and/or End
Reusing cached encoding of .\origrom\0F43F4.dcs
nbanew.prg(3025): warning: This statement (and everything after it) is unreachable due to an earlier Wait(forever) and/or End
Reusing cached encoding of .\origrom\0F43F4.dcs
nbanew.prg(3030): warning: This statement (and everything after it) is unreachable due to an earlier Wait(forever) and/or End
nbanew.prg(3034): warning: This statement (and everything after it) is unreachable due to an earlier Wait(forever) and/or End
nbanew.prg(3038): warning: This statement (and everything after it) is unreachable due to an earlier Wait(forever) and/or End
nbanew.prg(3042): warning: This statement (and everything after it) is unreachable due to an earlier Wait(forever) and/or End
nbanew.prg(3046): warning: This statement (and everything after it) is unreachable due to an earlier Wait(forever) and/or End
nbanew.prg(3050): warning: This statement (and everything after it) is unreachable due to an earlier Wait(forever) and/or End
nbanew.prg(3054): warning: This statement (and everything after it) is unreachable due to an earlier Wait(forever) and/or End
nbanew.prg(3058): warning: This statement (and everything after it) is unreachable due to an earlier Wait(forever) and/or End
nbanew.prg(3067): warning: This statement (and everything after it) is unreachable due to an earlier Wait(forever) and/or End
nbanew.prg(3076): warning: This statement (and everything after it) is unreachable due to an earlier Wait(forever) and/or End
nbanew.prg(3079): warning: This statement (and everything after it) is unreachable due to an earlier Wait(forever) and/or End
nbanew.prg(3082): warning: This statement (and everything after it) is unreachable due to an earlier Wait(forever) and/or End
nbanew.prg(3085): warning: This statement (and everything after it) is unreachable due to an earlier Wait(forever) and/or End
nbanew.prg(3088): warning: This statement (and everything after it) is unreachable due to an earlier Wait(forever) and/or End
nbanew.prg(3091): warning: This statement (and everything after it) is unreachable due to an earlier Wait(forever) and/or End
nbanew.prg(3094): warning: This statement (and everything after it) is unreachable due to an earlier Wait(forever) and/or End
Encoding .\origrom\0C40DE.dcs : OK, 288 DCS frames, 14176 bytes in ROM (9.8:1 compression, 51273 avg bps)
nbanew.prg(3099): warning: This statement (and everything after it) is unreachable due to an earlier Wait(forever) and/or End
Reusing cached encoding of .\origrom\0C40DE.dcs
nbanew.prg(3104): warning: This statement (and everything after it) is unreachable due to an earlier Wait(forever) and/or End
Reusing cached encoding of .\origrom\0C40DE.dcs
nbanew.prg(3109): warning: This statement (and everything after it) is unreachable due to an earlier Wait(forever) and/or End
Reusing cached encoding of .\origrom\0C40DE.dcs
nbanew.prg(3114): warning: This statement (and everything after it) is unreachable due to an earlier Wait(forever) and/or End
Encoding .\origrom\0A43FA.dcs : OK, 256 DCS frames, 7286 bytes in ROM (16.9:1 compression, 29647 avg bps)
nbanew.prg(3119): warning: This statement (and everything after it) is unreachable due to an earlier Wait(forever) and/or End
Reusing cached encoding of .\origrom\0A43FA.dcs
nbanew.prg(3124): warning: This statement (and everything after it) is unreachable due to an earlier Wait(forever) and/or End
Reusing cached encoding of .\origrom\0A43FA.dcs
nbanew.prg(3129): warning: This statement (and everything after it) is unreachable due to an earlier Wait(forever) and/or End
Reusing cached encoding of .\origrom\0A43FA.dcs
nbanew.prg(3134): warning: This statement (and everything after it) is unreachable due to an earlier Wait(forever) and/or End
Reusing cached encoding of .\origrom\0A43FA.dcs
nbanew.prg(3139): warning: This statement (and everything after it) is unreachable due to an earlier Wait(forever) and/or End
Encoding .\origrom\194530.dcs : OK, 16 DCS frames, 659 bytes in ROM (11.7:1 compression, 42904 avg bps)
Encoding .\origrom\3933E0.dcs : OK, 65 DCS frames, 2017 bytes in ROM (15.5:1 compression, 32324 avg bps)
Encoding .\origrom\393BD4.dcs : OK, 82 DCS frames, 1928 bytes in ROM (20.4:1 compression, 24492 avg bps)
nbanew.prg(3146): warning: This statement (and everything after it) is unreachable due to an earlier Wait(forever) and/or End
Encoding .\origrom\39435E.dcs : OK, 112 DCS frames, 2875 bytes in ROM (18.7:1 compression, 26739 avg bps)
nbanew.prg(3151): warning: This statement (and everything after it) is unreachable due to an earlier Wait(forever) and/or End
Reusing cached encoding of .\origrom\393BD4.dcs
nbanew.prg(3156): warning: This statement (and everything after it) is unreachable due to an earlier Wait(forever) and/or End
Encoding .\origrom\19219E.dcs : OK, 25 DCS frames, 528 bytes in ROM (22.7:1 compression, 22000 avg bps)
Encoding .\origrom\1923B0.dcs : OK, 66 DCS frames, 1905 bytes in ROM (16.6:1 compression, 30066 avg bps)
Encoding .\origrom\2A6B88.dcs : OK, 99 DCS frames, 2382 bytes in ROM (19.9:1 compression, 25063 avg bps)
nbanew.prg(3163): warning: This statement (and everything after it) is unreachable due to an earlier Wait(forever) and/or End
Encoding .\origrom\192B22.dcs : OK, 85 DCS frames, 1877 bytes in ROM (21.7:1 compression, 23002 avg bps)
nbanew.prg(3168): warning: This statement (and everything after it) is unreachable due to an earlier Wait(forever) and/or End
Reusing cached encoding of .\origrom\2A6B88.dcs
nbanew.prg(3173): warning: This statement (and everything after it) is unreachable due to an earlier Wait(forever) and/or End
Encoding .\origrom\1947E8.dcs : OK, 11 DCS frames, 318 bytes in ROM (16.6:1 compression, 30114 avg bps)
Encoding .\origrom\2A8AD8.dcs : OK, 78 DCS frames, 2294 bytes in ROM (16.3:1 compression, 30636 avg bps)
Encoding .\origrom\194946.dcs : OK, 81 DCS frames, 1736 bytes in ROM (22.4:1 compression, 22325 avg bps)
nbanew.prg(3180): warning: This statement (and everything after it) is unreachable due to an earlier Wait(forever) and/or End
Encoding .\origrom\394E9C.dcs : OK, 75 DCS frames, 1986 bytes in ROM (18.1:1 compression, 27583 avg bps)
nbanew.prg(3185): warning: This statement (and everything after it) is unreachable due to an earlier Wait(forever) and/or End
Reusing cached encoding of .\origrom\194946.dcs
nbanew.prg(3190): warning: This statement (and everything after it) is unreachable due to an earlier Wait(forever) and/or End
Encoding .\origrom\190F64.dcs : OK, 16 DCS frames, 534 bytes in ROM (14.4:1 compression, 34766 avg bps)
Encoding .\origrom\39048E.dcs : OK, 96 DCS frames, 2543 bytes in ROM (18.1:1 compression, 27593 avg bps)
Encoding .\origrom\191180.dcs : OK, 74 DCS frames, 1554 bytes in ROM (22.9:1 compression, 21875 avg bps)
nbanew.prg(3197): warning: This statement (and everything after it) is unreachable due to an earlier Wait(forever) and/or End
Encoding .\origrom\390E7E.dcs : OK, 116 DCS frames, 3009 bytes in ROM (18.5:1 compression, 27020 avg bps)
nbanew.prg(3202): warning: This statement (and everything after it) is unreachable due to an earlier Wait(forever) and/or End
Reusing cached encoding of .\origrom\191180.dcs
nbanew.prg(3207): warning: This statement (and everything after it) is unreachable due to an earlier Wait(forever) and/or End
Encoding .\origrom\191794.dcs : OK, 21 DCS frames, 523 bytes in ROM (19.3:1 compression, 25942 avg bps)
Encoding .\origrom\2A5796.dcs : OK, 89 DCS frames, 2124 bytes in ROM (20.1:1 compression, 24860 avg bps)
Encoding .\origrom\2A5FE4.dcs : OK, 106 DCS frames, 2975 bytes in ROM (17.1:1 compression, 29235 avg bps)
nbanew.prg(3214): warning: This statement (and everything after it) is unreachable due to an earlier Wait(forever) and/or End
Encoding .\origrom\1919A2.dcs : OK, 84 DCS frames, 2040 bytes in ROM (19.8:1 compression, 25298 avg bps)
nbanew.prg(3219): warning: This statement (and everything after it) is unreachable due to an earlier Wait(forever) and/or End
Reusing cached encoding of .\origrom\2A5FE4.dcs
nbanew.prg(3224): warning: This statement (and everything after it) is unreachable due to an earlier Wait(forever) and/or End
Encoding .\origrom\39927A.dcs : OK, 29 DCS frames, 575 bytes in ROM (24.2:1 compression, 20654 avg bps)
Encoding .\origrom\2AB906.dcs : OK, 55 DCS frames, 2168 bytes in ROM (12.2:1 compression, 41061 avg bps)
Encoding .\origrom\1987C0.dcs : OK, 95 DCS frames, 2312 bytes in ROM (19.7:1 compression, 25351 avg bps)
nbanew.prg(3231): warning: This statement (and everything after it) is unreachable due to an earlier Wait(forever) and/or End
Encoding .\origrom\1990CA.dcs : OK, 90 DCS frames, 2580 bytes in ROM (16.7:1 compression, 29861 avg bps)
nbanew.prg(3236): warning: This statement (and everything after it) is unreachable due to an earlier Wait(forever) and/or End
Reusing cached encoding of .\origrom\1987C0.dcs
nbanew.prg(3241): warning: This statement (and everything after it) is unreachable due to an earlier Wait(forever) and/or End
Encoding .\origrom\19A744.dcs : OK, 30 DCS frames, 543 bytes in ROM (26.5:1 compression, 18854 avg bps)
Encoding .\origrom\19A966.dcs : OK, 47 DCS frames, 1390 bytes in ROM (16.2:1 compression, 30807 avg bps)
Encoding .\origrom\39A900.dcs : OK, 89 DCS frames, 2011 bytes in ROM (21.2:1 compression, 23537 avg bps)
nbanew.prg(3248): warning: This statement (and everything after it) is unreachable due to an earlier Wait(forever) and/or End
Encoding .\origrom\39B0DE.dcs : OK, 80 DCS frames, 1604 bytes in ROM (23.9:1 compression, 20885 avg bps)
nbanew.prg(3253): warning: This statement (and everything after it) is unreachable due to an earlier Wait(forever) and/or End
Reusing cached encoding of .\origrom\39A900.dcs
nbanew.prg(3258): warning: This statement (and everything after it) is unreachable due to an earlier Wait(forever) and/or End
Encoding .\origrom\1A319E.dcs : OK, 29 DCS frames, 890 bytes in ROM (15.6:1 compression, 31968 avg bps)
Encoding .\origrom\2B20B4.dcs : OK, 85 DCS frames, 2106 bytes in ROM (19.4:1 compression, 25809 avg bps)
Encoding .\origrom\3A4136.dcs : OK, 108 DCS frames, 2303 bytes in ROM (22.5:1 compression, 22213 avg bps)
nbanew.prg(3265): warning: This statement (and everything after it) is unreachable due to an earlier Wait(forever) and/or End
Encoding .\origrom\1A3524.dcs : OK, 104 DCS frames, 2451 bytes in ROM (20.4:1 compression, 24549 avg bps)
nbanew.prg(3270): warning: This statement (and everything after it) is unreachable due to an earlier Wait(forever) and/or End
Reusing cached encoding of .\origrom\3A4136.dcs
nbanew.prg(3275): warning: This statement (and everything after it) is unreachable due to an earlier Wait(forever) and/or End
Encoding .\origrom\19FF3E.dcs : OK, 24 DCS frames, 414 bytes in ROM (27.8:1 compression, 17969 avg bps)
Encoding .\origrom\1A00DE.dcs : OK, 95 DCS frames, 2815 bytes in ROM (16.2:1 compression, 30866 avg bps)
Encoding .\origrom\2B01BC.dcs : OK, 114 DCS frames, 2283 bytes in ROM (24.0:1 compression, 20861 avg bps)
nbanew.prg(3282): warning: This statement (and everything after it) is unreachable due to an earlier Wait(forever) and/or End
Encoding .\origrom\2B0AA8.dcs : OK, 140 DCS frames, 3462 bytes in ROM (19.4:1 compression, 25759 avg bps)
nbanew.prg(3287): warning: This statement (and everything after it) is unreachable due to an earlier Wait(forever) and/or End
Reusing cached encoding of .\origrom\2B01BC.dcs
nbanew.prg(3292): warning: This statement (and everything after it) is unreachable due to an earlier Wait(forever) and/or End
Encoding .\origrom\19BB0A.dcs : OK, 23 DCS frames, 740 bytes in ROM (14.9:1 compression, 33514 avg bps)
Encoding .\origrom\39D41E.dcs : OK, 73 DCS frames, 1970 bytes in ROM (17.8:1 compression, 28111 avg bps)
Encoding .\origrom\2AD728.dcs : OK, 92 DCS frames, 2195 bytes in ROM (20.1:1 compression, 24853 avg bps)
nbanew.prg(3299): warning: This statement (and everything after it) is unreachable due to an earlier Wait(forever) and/or End
Encoding .\origrom\39DBE0.dcs : OK, 103 DCS frames, 2188 bytes in ROM (22.6:1 compression, 22128 avg bps)
nbanew.prg(3304): warning: This statement (and everything after it) is unreachable due to an earlier Wait(forever) and/or End
Reusing cached encoding of .\origrom\2AD728.dcs
nbanew.prg(3309): warning: This statement (and everything after it) is unreachable due to an earlier Wait(forever) and/or End
Encoding .\origrom\19AEEC.dcs : OK, 17 DCS frames, 480 bytes in ROM (17.0:1 compression, 29412 avg bps)
Encoding .\origrom\39B724.dcs : OK, 84 DCS frames, 2756 bytes in ROM (14.6:1 compression, 34177 avg bps)
Encoding .\origrom\19B0E0.dcs : OK, 98 DCS frames, 2220 bytes in ROM (21.2:1 compression, 23597 avg bps)
nbanew.prg(3316): warning: This statement (and everything after it) is unreachable due to an earlier Wait(forever) and/or End
Encoding .\origrom\2AC19A.dcs : OK, 109 DCS frames, 3049 bytes in ROM (17.2:1 compression, 29138 avg bps)
nbanew.prg(3321): warning: This statement (and everything after it) is unreachable due to an earlier Wait(forever) and/or End
Reusing cached encoding of .\origrom\19B0E0.dcs
nbanew.prg(3326): warning: This statement (and everything after it) is unreachable due to an earlier Wait(forever) and/or End
Encoding .\origrom\195E78.dcs : OK, 124 DCS frames, 4150 bytes in ROM (14.3:1 compression, 34862 avg bps)
Encoding .\origrom\19327A.dcs : OK, 75 DCS frames, 1491 bytes in ROM (24.1:1 compression, 20708 avg bps)
nbanew.prg(3332): warning: This statement (and everything after it) is unreachable due to an earlier Wait(forever) and/or End
Encoding .\origrom\392546.dcs : OK, 131 DCS frames, 3736 bytes in ROM (16.8:1 compression, 29707 avg bps)
nbanew.prg(3337): warning: This statement (and everything after it) is unreachable due to an earlier Wait(forever) and/or End
Reusing cached encoding of .\origrom\19327A.dcs
nbanew.prg(3342): warning: This statement (and everything after it) is unreachable due to an earlier Wait(forever) and/or End
Reusing cached encoding of .\origrom\195E78.dcs
Encoding .\origrom\3981DA.dcs : OK, 95 DCS frames, 2230 bytes in ROM (20.4:1 compression, 24452 avg bps)
nbanew.prg(3348): warning: This statement (and everything after it) is unreachable due to an earlier Wait(forever) and/or End
Reusing cached encoding of .\origrom\392546.dcs
nbanew.prg(3353): warning: This statement (and everything after it) is unreachable due to an earlier Wait(forever) and/or End
Reusing cached encoding of .\origrom\3981DA.dcs
nbanew.prg(3358): warning: This statement (and everything after it) is unreachable due to an earlier Wait(forever) and/or End
Encoding .\origrom\19ED5E.dcs : OK, 10 DCS frames, 287 bytes in ROM (16.7:1 compression, 29896 avg bps)
Encoding .\origrom\2AF6C2.dcs : OK, 72 DCS frames, 2773 bytes in ROM (12.5:1 compression, 40119 avg bps)
Encoding .\origrom\19EE8A.dcs : OK, 65 DCS frames, 1525 bytes in ROM (20.5:1 compression, 24439 avg bps)
nbanew.prg(3365): warning: This statement (and everything after it) is unreachable due to an earlier Wait(forever) and/or End
Encoding .\origrom\3A19D4.dcs : OK, 103 DCS frames, 2636 bytes in ROM (18.8:1 compression, 26659 avg bps)
nbanew.prg(3370): warning: This statement (and everything after it) is unreachable due to an earlier Wait(forever) and/or End
Reusing cached encoding of .\origrom\19EE8A.dcs
nbanew.prg(3375): warning: This statement (and everything after it) is unreachable due to an earlier Wait(forever) and/or End
Encoding .\origrom\1A2018.dcs : OK, 12 DCS frames, 364 bytes in ROM (15.8:1 compression, 31597 avg bps)
Encoding .\origrom\1A219C.dcs : OK, 98 DCS frames, 2409 bytes in ROM (19.5:1 compression, 25606 avg bps)
Encoding .\origrom\1A2B08.dcs : OK, 80 DCS frames, 1683 bytes in ROM (22.8:1 compression, 21914 avg bps)
nbanew.prg(3382): warning: This statement (and everything after it) is unreachable due to an earlier Wait(forever) and/or End
Encoding .\origrom\2B1830.dcs : OK, 92 DCS frames, 2177 bytes in ROM (20.3:1 compression, 24649 avg bps)
nbanew.prg(3387): warning: This statement (and everything after it) is unreachable due to an earlier Wait(forever) and/or End
Reusing cached encoding of .\origrom\1A2B08.dcs
nbanew.prg(3392): warning: This statement (and everything after it) is unreachable due to an earlier Wait(forever) and/or End
Encoding .\origrom\19F482.dcs : OK, 8 DCS frames, 256 bytes in ROM (15.0:1 compression, 33333 avg bps)
Encoding .\origrom\3A2424.dcs : OK, 100 DCS frames, 2779 bytes in ROM (17.3:1 compression, 28948 avg bps)
Encoding .\origrom\19F5A6.dcs : OK, 109 DCS frames, 2453 bytes in ROM (21.3:1 compression, 23442 avg bps)
nbanew.prg(3399): warning: This statement (and everything after it) is unreachable due to an earlier Wait(forever) and/or End
Encoding .\origrom\3A2F02.dcs : OK, 120 DCS frames, 3191 bytes in ROM (18.1:1 compression, 27700 avg bps)
nbanew.prg(3404): warning: This statement (and everything after it) is unreachable due to an earlier Wait(forever) and/or End
Reusing cached encoding of .\origrom\19F5A6.dcs
nbanew.prg(3409): warning: This statement (and everything after it) is unreachable due to an earlier Wait(forever) and/or End
Encoding .\origrom\199AE0.dcs : OK, 13 DCS frames, 433 bytes in ROM (14.4:1 compression, 34696 avg bps)
Encoding .\origrom\3994BA.dcs : OK, 96 DCS frames, 3168 bytes in ROM (14.5:1 compression, 34375 avg bps)
Encoding .\origrom\39A134.dcs : OK, 77 DCS frames, 1993 bytes in ROM (18.5:1 compression, 26962 avg bps)
nbanew.prg(3416): warning: This statement (and everything after it) is unreachable due to an earlier Wait(forever) and/or End
Encoding .\origrom\199CA8.dcs : OK, 112 DCS frames, 2714 bytes in ROM (19.8:1 compression, 25242 avg bps)
nbanew.prg(3421): warning: This statement (and everything after it) is unreachable due to an earlier Wait(forever) and/or End
Reusing cached encoding of .\origrom\39A134.dcs
nbanew.prg(3426): warning: This statement (and everything after it) is unreachable due to an earlier Wait(forever) and/or End
Encoding .\origrom\1954DE.dcs : OK, 15 DCS frames, 477 bytes in ROM (15.1:1 compression, 33125 avg bps)
Encoding .\origrom\2AB0AC.dcs : OK, 79 DCS frames, 2121 bytes in ROM (17.9:1 compression, 27967 avg bps)
Encoding .\origrom\1956D0.dcs : OK, 81 DCS frames, 1957 bytes in ROM (19.9:1 compression, 25167 avg bps)
nbanew.prg(3433): warning: This statement (and everything after it) is unreachable due to an earlier Wait(forever) and/or End
Encoding .\origrom\39789C.dcs : OK, 101 DCS frames, 2364 bytes in ROM (20.5:1 compression, 24381 avg bps)
nbanew.prg(3438): warning: This statement (and everything after it) is unreachable due to an earlier Wait(forever) and/or End
Reusing cached encoding of .\origrom\1956D0.dcs
nbanew.prg(3443): warning: This statement (and everything after it) is unreachable due to an earlier Wait(forever) and/or End
Encoding .\origrom\196EB8.dcs : OK, 20 DCS frames, 563 bytes in ROM (17.1:1 compression, 29323 avg bps)
Encoding .\origrom\19710E.dcs : OK, 87 DCS frames, 2762 bytes in ROM (15.1:1 compression, 33070 avg bps)
Encoding .\origrom\398A92.dcs : OK, 78 DCS frames, 2022 bytes in ROM (18.5:1 compression, 27003 avg bps)
nbanew.prg(3450): warning: This statement (and everything after it) is unreachable due to an earlier Wait(forever) and/or End
Encoding .\origrom\197BEA.dcs : OK, 129 DCS frames, 3027 bytes in ROM (20.5:1 compression, 24443 avg bps)
nbanew.prg(3455): warning: This statement (and everything after it) is unreachable due to an earlier Wait(forever) and/or End
Reusing cached encoding of .\origrom\398A92.dcs
nbanew.prg(3460): warning: This statement (and everything after it) is unreachable due to an earlier Wait(forever) and/or End
Encoding .\origrom\19BDF2.dcs : OK, 19 DCS frames, 386 bytes in ROM (23.6:1 compression, 21162 avg bps)
Encoding .\origrom\39E46E.dcs : OK, 92 DCS frames, 2644 bytes in ROM (16.7:1 compression, 29937 avg bps)
Encoding .\origrom\19BF76.dcs : OK, 162 DCS frames, 4561 bytes in ROM (17.0:1 compression, 29327 avg bps)
nbanew.prg(3467): warning: This statement (and everything after it) is unreachable due to an earlier Wait(forever) and/or End
Encoding .\origrom\2ADFBE.dcs : OK, 130 DCS frames, 3237 bytes in ROM (19.3:1 compression, 25938 avg bps)
nbanew.prg(3472): warning: This statement (and everything after it) is unreachable due to an earlier Wait(forever) and/or End
Reusing cached encoding of .\origrom\19BF76.dcs
nbanew.prg(3477): warning: This statement (and everything after it) is unreachable due to an earlier Wait(forever) and/or End
Encoding .\origrom\1A3EBA.dcs : OK, 20 DCS frames, 495 bytes in ROM (19.4:1 compression, 25781 avg bps)
Encoding .\origrom\1A40AE.dcs : OK, 58 DCS frames, 1985 bytes in ROM (14.0:1 compression, 35650 avg bps)
Encoding .\origrom\3A4A36.dcs : OK, 86 DCS frames, 2229 bytes in ROM (18.5:1 compression, 26999 avg bps)
nbanew.prg(3484): warning: This statement (and everything after it) is unreachable due to an earlier Wait(forever) and/or End
Encoding .\origrom\1A4892.dcs : OK, 87 DCS frames, 2474 bytes in ROM (16.9:1 compression, 29622 avg bps)
nbanew.prg(3489): warning: This statement (and everything after it) is unreachable due to an earlier Wait(forever) and/or End
Reusing cached encoding of .\origrom\3A4A36.dcs
nbanew.prg(3494): warning: This statement (and everything after it) is unreachable due to an earlier Wait(forever) and/or End
Encoding .\origrom\1A0BE0.dcs : OK, 23 DCS frames, 439 bytes in ROM (25.1:1 compression, 19882 avg bps)
Encoding .\origrom\1A0D9A.dcs : OK, 63 DCS frames, 1391 bytes in ROM (21.7:1 compression, 22999 avg bps)
Encoding .\origrom\1A130C.dcs : OK, 129 DCS frames, 3338 bytes in ROM (18.6:1 compression, 26954 avg bps)
nbanew.prg(3501): warning: This statement (and everything after it) is unreachable due to an earlier Wait(forever) and/or End
Encoding .\origrom\3A3B7C.dcs : OK, 88 DCS frames, 1462 bytes in ROM (28.9:1 compression, 17306 avg bps)
nbanew.prg(3506): warning: This statement (and everything after it) is unreachable due to an earlier Wait(forever) and/or End
Reusing cached encoding of .\origrom\1A130C.dcs
nbanew.prg(3511): warning: This statement (and everything after it) is unreachable due to an earlier Wait(forever) and/or End
Encoding .\origrom\1952A0.dcs : OK, 19 DCS frames, 560 bytes in ROM (16.3:1 compression, 30702 avg bps)
Encoding .\origrom\395F9A.dcs : OK, 113 DCS frames, 3055 bytes in ROM (17.8:1 compression, 28162 avg bps)
Encoding .\origrom\2AA89A.dcs : OK, 87 DCS frames, 2062 bytes in ROM (20.3:1 compression, 24689 avg bps)
nbanew.prg(3518): warning: This statement (and everything after it) is unreachable due to an earlier Wait(forever) and/or End
Encoding .\origrom\396B8C.dcs : OK, 129 DCS frames, 3341 bytes in ROM (18.5:1 compression, 26978 avg bps)
nbanew.prg(3523): warning: This statement (and everything after it) is unreachable due to an earlier Wait(forever) and/or End
Reusing cached encoding of .\origrom\2AA89A.dcs
nbanew.prg(3528): warning: This statement (and everything after it) is unreachable due to an earlier Wait(forever) and/or End
Encoding .\origrom\19D14A.dcs : OK, 10 DCS frames, 378 bytes in ROM (12.7:1 compression, 39375 avg bps)
Encoding .\origrom\39EEEC.dcs : OK, 121 DCS frames, 4023 bytes in ROM (14.4:1 compression, 34633 avg bps)
Encoding .\origrom\39FEAA.dcs : OK, 100 DCS frames, 2190 bytes in ROM (21.9:1 compression, 22812 avg bps)
nbanew.prg(3535): warning: This statement (and everything after it) is unreachable due to an earlier Wait(forever) and/or End
Encoding .\origrom\3A073C.dcs : OK, 158 DCS frames, 4758 bytes in ROM (15.9:1 compression, 31369 avg bps)
nbanew.prg(3540): warning: This statement (and everything after it) is unreachable due to an earlier Wait(forever) and/or End
Reusing cached encoding of .\origrom\39FEAA.dcs
nbanew.prg(3545): warning: This statement (and everything after it) is unreachable due to an earlier Wait(forever) and/or End
Encoding .\origrom\19D2E4.dcs : OK, 9 DCS frames, 344 bytes in ROM (12.6:1 compression, 39815 avg bps)
Encoding .\origrom\2AEC66.dcs : OK, 76 DCS frames, 2617 bytes in ROM (13.9:1 compression, 35869 avg bps)
Encoding .\origrom\19D456.dcs : OK, 146 DCS frames, 3880 bytes in ROM (18.1:1 compression, 27683 avg bps)
nbanew.prg(3552): warning: This statement (and everything after it) is unreachable due to an earlier Wait(forever) and/or End
Encoding .\origrom\19E380.dcs : OK, 94 DCS frames, 2522 bytes in ROM (17.9:1 compression, 27948 avg bps)
nbanew.prg(3557): warning: This statement (and everything after it) is unreachable due to an earlier Wait(forever) and/or End
Reusing cached encoding of .\origrom\19D456.dcs
nbanew.prg(3562): warning: This statement (and everything after it) is unreachable due to an earlier Wait(forever) and/or End
Encoding .\origrom\19B98E.dcs : OK, 18 DCS frames, 378 bytes in ROM (22.9:1 compression, 21875 avg bps)
Encoding .\origrom\2ACD86.dcs : OK, 92 DCS frames, 2456 bytes in ROM (18.0:1 compression, 27808 avg bps)
Encoding .\origrom\39C1EC.dcs : OK, 104 DCS frames, 1891 bytes in ROM (26.4:1 compression, 18940 avg bps)
nbanew.prg(3569): warning: This statement (and everything after it) is unreachable due to an earlier Wait(forever) and/or End
Encoding .\origrom\39C952.dcs : OK, 121 DCS frames, 2761 bytes in ROM (21.0:1 compression, 23769 avg bps)
nbanew.prg(3574): warning: This statement (and everything after it) is unreachable due to an earlier Wait(forever) and/or End
Reusing cached encoding of .\origrom\39C1EC.dcs
nbanew.prg(3579): warning: This statement (and everything after it) is unreachable due to an earlier Wait(forever) and/or End
Encoding .\origrom\195010.dcs : OK, 18 DCS frames, 626 bytes in ROM (13.8:1 compression, 36227 avg bps)
Encoding .\origrom\2A93D8.dcs : OK, 86 DCS frames, 2651 bytes in ROM (15.6:1 compression, 32110 avg bps)
Encoding .\origrom\2A9E3A.dcs : OK, 85 DCS frames, 2652 bytes in ROM (15.4:1 compression, 32500 avg bps)
nbanew.prg(3586): warning: This statement (and everything after it) is unreachable due to an earlier Wait(forever) and/or End
Encoding .\origrom\395662.dcs : OK, 103 DCS frames, 2357 bytes in ROM (21.0:1 compression, 23837 avg bps)
nbanew.prg(3591): warning: This statement (and everything after it) is unreachable due to an earlier Wait(forever) and/or End
Reusing cached encoding of .\origrom\2A9E3A.dcs
nbanew.prg(3596): warning: This statement (and everything after it) is unreachable due to an earlier Wait(forever) and/or End
Encoding .\origrom\193852.dcs : OK, 22 DCS frames, 470 bytes in ROM (22.5:1 compression, 22254 avg bps)
Encoding .\origrom\2A74D8.dcs : OK, 112 DCS frames, 3015 bytes in ROM (17.8:1 compression, 28041 avg bps)
Encoding .\origrom\193A2C.dcs : OK, 106 DCS frames, 2818 bytes in ROM (18.1:1 compression, 27693 avg bps)
nbanew.prg(3603): warning: This statement (and everything after it) is unreachable due to an earlier Wait(forever) and/or End
Encoding .\origrom\2A80A0.dcs : OK, 106 DCS frames, 2613 bytes in ROM (19.5:1 compression, 25678 avg bps)
nbanew.prg(3608): warning: This statement (and everything after it) is unreachable due to an earlier Wait(forever) and/or End
Reusing cached encoding of .\origrom\193A2C.dcs
nbanew.prg(3613): warning: This statement (and everything after it) is unreachable due to an earlier Wait(forever) and/or End
Encoding .\origrom\190D3A.dcs : OK, 22 DCS frames, 551 bytes in ROM (19.2:1 compression, 26089 avg bps)
Encoding .\origrom\38F418.dcs : OK, 103 DCS frames, 2722 bytes in ROM (18.2:1 compression, 27528 avg bps)
Encoding .\origrom\38FEBC.dcs : OK, 65 DCS frames, 1488 bytes in ROM (21.0:1 compression, 23846 avg bps)
nbanew.prg(3620): warning: This statement (and everything after it) is unreachable due to an earlier Wait(forever) and/or End
Encoding .\origrom\391A42.dcs : OK, 118 DCS frames, 2818 bytes in ROM (20.1:1 compression, 24876 avg bps)
nbanew.prg(3625): warning: This statement (and everything after it) is unreachable due to an earlier Wait(forever) and/or End
Reusing cached encoding of .\origrom\38FEBC.dcs
nbanew.prg(3630): warning: This statement (and everything after it) is unreachable due to an earlier Wait(forever) and/or End
Encoding .\origrom\2B28F0.dcs : OK, 125 DCS frames, 3209 bytes in ROM (18.7:1 compression, 26742 avg bps)
nbanew.prg(3635): warning: This statement (and everything after it) is unreachable due to an earlier Wait(forever) and/or End
Encoding .\origrom\3A52EE.dcs : OK, 103 DCS frames, 2543 bytes in ROM (19.4:1 compression, 25718 avg bps)
Encoding .\origrom\3A5CE0.dcs : OK, 81 DCS frames, 1645 bytes in ROM (23.6:1 compression, 21155 avg bps)
nbanew.prg(3641): warning: This statement (and everything after it) is unreachable due to an earlier Wait(forever) and/or End
Reusing cached encoding of .\origrom\3A5CE0.dcs
nbanew.prg(3646): warning: This statement (and everything after it) is unreachable due to an earlier Wait(forever) and/or End
Reusing cached encoding of .\origrom\3A5CE0.dcs
nbanew.prg(3651): warning: This statement (and everything after it) is unreachable due to an earlier Wait(forever) and/or End
Encoding .\origrom\1CC268.dcs : OK, 23 DCS frames, 602 bytes in ROM (18.3:1 compression, 27264 avg bps)
Reusing cached encoding of .\origrom\3A5CE0.dcs
nbanew.prg(3657): warning: This statement (and everything after it) is unreachable due to an earlier Wait(forever) and/or End
Encoding .\origrom\3A6350.dcs : OK, 93 DCS frames, 1946 bytes in ROM (22.9:1 compression, 21797 avg bps)
Encoding .\origrom\1A523E.dcs : OK, 105 DCS frames, 2202 bytes in ROM (22.9:1 compression, 21845 avg bps)
nbanew.prg(3663): warning: This statement (and everything after it) is unreachable due to an earlier Wait(forever) and/or End
Reusing cached encoding of .\origrom\1A523E.dcs
nbanew.prg(3668): warning: This statement (and everything after it) is unreachable due to an earlier Wait(forever) and/or End
Reusing cached encoding of .\origrom\1A523E.dcs
nbanew.prg(3673): warning: This statement (and everything after it) is unreachable due to an earlier Wait(forever) and/or End
Encoding .\origrom\1CC03A.dcs : OK, 22 DCS frames, 555 bytes in ROM (19.0:1 compression, 26278 avg bps)
Reusing cached encoding of .\origrom\1A523E.dcs
nbanew.prg(3679): warning: This statement (and everything after it) is unreachable due to an earlier Wait(forever) and/or End
Encoding .\origrom\3A6AEC.dcs : OK, 78 DCS frames, 2157 bytes in ROM (17.4:1 compression, 28806 avg bps)
Encoding .\origrom\1B0628.dcs : OK, 79 DCS frames, 1517 bytes in ROM (25.0:1 compression, 20003 avg bps)
nbanew.prg(3685): warning: This statement (and everything after it) is unreachable due to an earlier Wait(forever) and/or End
Reusing cached encoding of .\origrom\1B0628.dcs
nbanew.prg(3690): warning: This statement (and everything after it) is unreachable due to an earlier Wait(forever) and/or End
Reusing cached encoding of .\origrom\1B0628.dcs
nbanew.prg(3695): warning: This statement (and everything after it) is unreachable due to an earlier Wait(forever) and/or End
Reusing cached encoding of .\origrom\1CC03A.dcs
Reusing cached encoding of .\origrom\1B0628.dcs
nbanew.prg(3701): warning: This statement (and everything after it) is unreachable due to an earlier Wait(forever) and/or End
Encoding .\origrom\1A5ADA.dcs : OK, 69 DCS frames, 1803 bytes in ROM (18.4:1 compression, 27219 avg bps)
Encoding .\origrom\1A61E8.dcs : OK, 81 DCS frames, 1561 bytes in ROM (24.9:1 compression, 20075 avg bps)
nbanew.prg(3707): warning: This statement (and everything after it) is unreachable due to an earlier Wait(forever) and/or End
Reusing cached encoding of .\origrom\1A61E8.dcs
nbanew.prg(3712): warning: This statement (and everything after it) is unreachable due to an earlier Wait(forever) and/or End
Reusing cached encoding of .\origrom\1A61E8.dcs
nbanew.prg(3717): warning: This statement (and everything after it) is unreachable due to an earlier Wait(forever) and/or End
Reusing cached encoding of .\origrom\1CC03A.dcs
Reusing cached encoding of .\origrom\1A61E8.dcs
nbanew.prg(3723): warning: This statement (and everything after it) is unreachable due to an earlier Wait(forever) and/or End
Encoding .\origrom\3A735A.dcs : OK, 59 DCS frames, 1709 bytes in ROM (16.6:1 compression, 30173 avg bps)
Encoding .\origrom\3A7A0A.dcs : OK, 85 DCS frames, 1764 bytes in ROM (23.1:1 compression, 21618 avg bps)
nbanew.prg(3729): warning: This statement (and everything after it) is unreachable due to an earlier Wait(forever) and/or End
Reusing cached encoding of .\origrom\3A7A0A.dcs
nbanew.prg(3734): warning: This statement (and everything after it) is unreachable due to an earlier Wait(forever) and/or End
Reusing cached encoding of .\origrom\3A7A0A.dcs
nbanew.prg(3739): warning: This statement (and everything after it) is unreachable due to an earlier Wait(forever) and/or End
Reusing cached encoding of .\origrom\1CC03A.dcs
Reusing cached encoding of .\origrom\3A7A0A.dcs
nbanew.prg(3745): warning: This statement (and everything after it) is unreachable due to an earlier Wait(forever) and/or End
Encoding .\origrom\2B3F2A.dcs : OK, 86 DCS frames, 2150 bytes in ROM (19.2:1 compression, 26042 avg bps)
Encoding .\origrom\2B4792.dcs : OK, 73 DCS frames, 1967 bytes in ROM (17.8:1 compression, 28068 avg bps)
nbanew.prg(3751): warning: This statement (and everything after it) is unreachable due to an earlier Wait(forever) and/or End
Reusing cached encoding of .\origrom\2B4792.dcs
nbanew.prg(3756): warning: This statement (and everything after it) is unreachable due to an earlier Wait(forever) and/or End
Reusing cached encoding of .\origrom\2B4792.dcs
nbanew.prg(3761): warning: This statement (and everything after it) is unreachable due to an earlier Wait(forever) and/or End
Reusing cached encoding of .\origrom\1CC03A.dcs
Reusing cached encoding of .\origrom\2B4792.dcs
nbanew.prg(3767): warning: This statement (and everything after it) is unreachable due to an earlier Wait(forever) and/or End
Encoding .\origrom\1A6804.dcs : OK, 63 DCS frames, 1496 bytes in ROM (20.2:1 compression, 24735 avg bps)
Encoding .\origrom\2B4F46.dcs : OK, 125 DCS frames, 2499 bytes in ROM (24.0:1 compression, 20825 avg bps)
nbanew.prg(3773): warning: This statement (and everything after it) is unreachable due to an earlier Wait(forever) and/or End
Reusing cached encoding of .\origrom\2B4F46.dcs
nbanew.prg(3778): warning: This statement (and everything after it) is unreachable due to an earlier Wait(forever) and/or End
Reusing cached encoding of .\origrom\2B4F46.dcs
nbanew.prg(3783): warning: This statement (and everything after it) is unreachable due to an earlier Wait(forever) and/or End
Reusing cached encoding of .\origrom\1CC03A.dcs
Reusing cached encoding of .\origrom\2B4F46.dcs
nbanew.prg(3789): warning: This statement (and everything after it) is unreachable due to an earlier Wait(forever) and/or End
Encoding .\origrom\1A6DE0.dcs : OK, 75 DCS frames, 2230 bytes in ROM (16.1:1 compression, 30972 avg bps)
Encoding .\origrom\3A80F0.dcs : OK, 82 DCS frames, 1653 bytes in ROM (23.8:1 compression, 20998 avg bps)
nbanew.prg(3795): warning: This statement (and everything after it) is unreachable due to an earlier Wait(forever) and/or End
Reusing cached encoding of .\origrom\3A80F0.dcs
nbanew.prg(3800): warning: This statement (and everything after it) is unreachable due to an earlier Wait(forever) and/or End
Reusing cached encoding of .\origrom\3A80F0.dcs
nbanew.prg(3805): warning: This statement (and everything after it) is unreachable due to an earlier Wait(forever) and/or End
Reusing cached encoding of .\origrom\1CC03A.dcs
Reusing cached encoding of .\origrom\3A80F0.dcs
nbanew.prg(3811): warning: This statement (and everything after it) is unreachable due to an earlier Wait(forever) and/or End
Encoding .\origrom\1A769C.dcs : OK, 62 DCS frames, 1074 bytes in ROM (27.7:1 compression, 18044 avg bps)
Encoding .\origrom\3A8768.dcs : OK, 79 DCS frames, 1631 bytes in ROM (23.2:1 compression, 21506 avg bps)
nbanew.prg(3817): warning: This statement (and everything after it) is unreachable due to an earlier Wait(forever) and/or End
Reusing cached encoding of .\origrom\3A8768.dcs
nbanew.prg(3822): warning: This statement (and everything after it) is unreachable due to an earlier Wait(forever) and/or End
Reusing cached encoding of .\origrom\3A8768.dcs
nbanew.prg(3827): warning: This statement (and everything after it) is unreachable due to an earlier Wait(forever) and/or End
Reusing cached encoding of .\origrom\1CC03A.dcs
Reusing cached encoding of .\origrom\3A8768.dcs
nbanew.prg(3833): warning: This statement (and everything after it) is unreachable due to an earlier Wait(forever) and/or End
Encoding .\origrom\1A7F8E.dcs : OK, 95 DCS frames, 2181 bytes in ROM (20.9:1 compression, 23914 avg bps)
Encoding .\origrom\3A94CC.dcs : OK, 72 DCS frames, 1684 bytes in ROM (20.5:1 compression, 24363 avg bps)
nbanew.prg(3839): warning: This statement (and everything after it) is unreachable due to an earlier Wait(forever) and/or End
Reusing cached encoding of .\origrom\3A94CC.dcs
nbanew.prg(3844): warning: This statement (and everything after it) is unreachable due to an earlier Wait(forever) and/or End
Reusing cached encoding of .\origrom\3A94CC.dcs
nbanew.prg(3849): warning: This statement (and everything after it) is unreachable due to an earlier Wait(forever) and/or End
Reusing cached encoding of .\origrom\1CC03A.dcs
Reusing cached encoding of .\origrom\3A94CC.dcs
nbanew.prg(3855): warning: This statement (and everything after it) is unreachable due to an earlier Wait(forever) and/or End
Encoding .\origrom\3A9B62.dcs : OK, 87 DCS frames, 2444 bytes in ROM (17.1:1 compression, 29262 avg bps)
Encoding .\origrom\3AA4F0.dcs : OK, 91 DCS frames, 2057 bytes in ROM (21.2:1 compression, 23546 avg bps)
nbanew.prg(3861): warning: This statement (and everything after it) is unreachable due to an earlier Wait(forever) and/or End
Reusing cached encoding of .\origrom\3AA4F0.dcs
nbanew.prg(3866): warning: This statement (and everything after it) is unreachable due to an earlier Wait(forever) and/or End
Reusing cached encoding of .\origrom\3AA4F0.dcs
nbanew.prg(3871): warning: This statement (and everything after it) is unreachable due to an earlier Wait(forever) and/or End
Reusing cached encoding of .\origrom\1CC03A.dcs
Reusing cached encoding of .\origrom\3AA4F0.dcs
nbanew.prg(3877): warning: This statement (and everything after it) is unreachable due to an earlier Wait(forever) and/or End
Encoding .\origrom\3BB8C2.dcs : OK, 77 DCS frames, 2063 bytes in ROM (17.9:1 compression, 27909 avg bps)
Encoding .\origrom\3AACFA.dcs : OK, 78 DCS frames, 1662 bytes in ROM (22.5:1 compression, 22196 avg bps)
nbanew.prg(3883): warning: This statement (and everything after it) is unreachable due to an earlier Wait(forever) and/or End
Reusing cached encoding of .\origrom\3AACFA.dcs
nbanew.prg(3888): warning: This statement (and everything after it) is unreachable due to an earlier Wait(forever) and/or End
Reusing cached encoding of .\origrom\3AACFA.dcs
nbanew.prg(3893): warning: This statement (and everything after it) is unreachable due to an earlier Wait(forever) and/or End
Reusing cached encoding of .\origrom\1CC03A.dcs
Reusing cached encoding of .\origrom\3AACFA.dcs
nbanew.prg(3899): warning: This statement (and everything after it) is unreachable due to an earlier Wait(forever) and/or End
Encoding .\origrom\3AD88C.dcs : OK, 91 DCS frames, 2247 bytes in ROM (19.4:1 compression, 25721 avg bps)
Encoding .\origrom\3AB37A.dcs : OK, 76 DCS frames, 1662 bytes in ROM (21.9:1 compression, 22780 avg bps)
nbanew.prg(3905): warning: This statement (and everything after it) is unreachable due to an earlier Wait(forever) and/or End
Reusing cached encoding of .\origrom\3AB37A.dcs
nbanew.prg(3910): warning: This statement (and everything after it) is unreachable due to an earlier Wait(forever) and/or End
Reusing cached encoding of .\origrom\3AB37A.dcs
nbanew.prg(3915): warning: This statement (and everything after it) is unreachable due to an earlier Wait(forever) and/or End
Reusing cached encoding of .\origrom\1CC03A.dcs
Reusing cached encoding of .\origrom\3AB37A.dcs
nbanew.prg(3921): warning: This statement (and everything after it) is unreachable due to an earlier Wait(forever) and/or End
Encoding .\origrom\3A8DCA.dcs : OK, 76 DCS frames, 1791 bytes in ROM (20.4:1 compression, 24548 avg bps)
Encoding .\origrom\1A7AD0.dcs : OK, 63 DCS frames, 1213 bytes in ROM (24.9:1 compression, 20056 avg bps)
nbanew.prg(3927): warning: This statement (and everything after it) is unreachable due to an earlier Wait(forever) and/or End
Reusing cached encoding of .\origrom\1A7AD0.dcs
nbanew.prg(3932): warning: This statement (and everything after it) is unreachable due to an earlier Wait(forever) and/or End
Reusing cached encoding of .\origrom\1A7AD0.dcs
nbanew.prg(3937): warning: This statement (and everything after it) is unreachable due to an earlier Wait(forever) and/or End
Reusing cached encoding of .\origrom\1CC03A.dcs
Reusing cached encoding of .\origrom\1A7AD0.dcs
nbanew.prg(3943): warning: This statement (and everything after it) is unreachable due to an earlier Wait(forever) and/or End
Encoding .\origrom\2B590E.dcs : OK, 97 DCS frames, 2442 bytes in ROM (19.1:1 compression, 26224 avg bps)
Encoding .\origrom\1A8816.dcs : OK, 74 DCS frames, 1349 bytes in ROM (26.3:1 compression, 18989 avg bps)
nbanew.prg(3949): warning: This statement (and everything after it) is unreachable due to an earlier Wait(forever) and/or End
Reusing cached encoding of .\origrom\1A8816.dcs
nbanew.prg(3954): warning: This statement (and everything after it) is unreachable due to an earlier Wait(forever) and/or End
Reusing cached encoding of .\origrom\1A8816.dcs
nbanew.prg(3959): warning: This statement (and everything after it) is unreachable due to an earlier Wait(forever) and/or End
Reusing cached encoding of .\origrom\1CC03A.dcs
Reusing cached encoding of .\origrom\1A8816.dcs
nbanew.prg(3965): warning: This statement (and everything after it) is unreachable due to an earlier Wait(forever) and/or End
Encoding .\origrom\1A8D5E.dcs : OK, 75 DCS frames, 2180 bytes in ROM (16.5:1 compression, 30278 avg bps)
Encoding .\origrom\1A95E4.dcs : OK, 67 DCS frames, 1193 bytes in ROM (27.0:1 compression, 18548 avg bps)
nbanew.prg(3971): warning: This statement (and everything after it) is unreachable due to an earlier Wait(forever) and/or End
Reusing cached encoding of .\origrom\1A95E4.dcs
nbanew.prg(3976): warning: This statement (and everything after it) is unreachable due to an earlier Wait(forever) and/or End
Reusing cached encoding of .\origrom\1A95E4.dcs
nbanew.prg(3981): warning: This statement (and everything after it) is unreachable due to an earlier Wait(forever) and/or End
Reusing cached encoding of .\origrom\1CC03A.dcs
Reusing cached encoding of .\origrom\1A95E4.dcs
nbanew.prg(3987): warning: This statement (and everything after it) is unreachable due to an earlier Wait(forever) and/or End
Encoding .\origrom\2B629A.dcs : OK, 77 DCS frames, 1837 bytes in ROM (20.1:1 compression, 24851 avg bps)
Encoding .\origrom\2B69CA.dcs : OK, 90 DCS frames, 1990 bytes in ROM (21.7:1 compression, 23032 avg bps)
nbanew.prg(3993): warning: This statement (and everything after it) is unreachable due to an earlier Wait(forever) and/or End
Reusing cached encoding of .\origrom\2B69CA.dcs
nbanew.prg(3998): warning: This statement (and everything after it) is unreachable due to an earlier Wait(forever) and/or End
Reusing cached encoding of .\origrom\2B69CA.dcs
nbanew.prg(4003): warning: This statement (and everything after it) is unreachable due to an earlier Wait(forever) and/or End
Reusing cached encoding of .\origrom\1CC03A.dcs
Reusing cached encoding of .\origrom\2B69CA.dcs
nbanew.prg(4009): warning: This statement (and everything after it) is unreachable due to an earlier Wait(forever) and/or End
Encoding .\origrom\1A9A8E.dcs : OK, 74 DCS frames, 1341 bytes in ROM (26.5:1 compression, 18877 avg bps)
Encoding .\origrom\1A9FCC.dcs : OK, 111 DCS frames, 2336 bytes in ROM (22.8:1 compression, 21922 avg bps)
nbanew.prg(4015): warning: This statement (and everything after it) is unreachable due to an earlier Wait(forever) and/or End
Reusing cached encoding of .\origrom\1A9FCC.dcs
nbanew.prg(4020): warning: This statement (and everything after it) is unreachable due to an earlier Wait(forever) and/or End
Reusing cached encoding of .\origrom\1A9FCC.dcs
nbanew.prg(4025): warning: This statement (and everything after it) is unreachable due to an earlier Wait(forever) and/or End
Reusing cached encoding of .\origrom\1CC03A.dcs
Reusing cached encoding of .\origrom\1A9FCC.dcs
nbanew.prg(4031): warning: This statement (and everything after it) is unreachable due to an earlier Wait(forever) and/or End
Reusing cached encoding of .\origrom\3A6AEC.dcs
Encoding .\origrom\3AB9FA.dcs : OK, 82 DCS frames, 1936 bytes in ROM (20.3:1 compression, 24593 avg bps)
nbanew.prg(4037): warning: This statement (and everything after it) is unreachable due to an earlier Wait(forever) and/or End
Reusing cached encoding of .\origrom\3AB9FA.dcs
nbanew.prg(4042): warning: This statement (and everything after it) is unreachable due to an earlier Wait(forever) and/or End
Reusing cached encoding of .\origrom\3AB9FA.dcs
nbanew.prg(4047): warning: This statement (and everything after it) is unreachable due to an earlier Wait(forever) and/or End
Reusing cached encoding of .\origrom\1CC03A.dcs
Reusing cached encoding of .\origrom\3AB9FA.dcs
nbanew.prg(4053): warning: This statement (and everything after it) is unreachable due to an earlier Wait(forever) and/or End
Encoding .\origrom\1AA8EE.dcs : OK, 99 DCS frames, 2426 bytes in ROM (19.6:1 compression, 25526 avg bps)
Encoding .\origrom\2B7192.dcs : OK, 78 DCS frames, 1905 bytes in ROM (19.7:1 compression, 25441 avg bps)
nbanew.prg(4059): warning: This statement (and everything after it) is unreachable due to an earlier Wait(forever) and/or End
Reusing cached encoding of .\origrom\2B7192.dcs
nbanew.prg(4064): warning: This statement (and everything after it) is unreachable due to an earlier Wait(forever) and/or End
Reusing cached encoding of .\origrom\2B7192.dcs
nbanew.prg(4069): warning: This statement (and everything after it) is unreachable due to an earlier Wait(forever) and/or End
Reusing cached encoding of .\origrom\1CC03A.dcs
Reusing cached encoding of .\origrom\2B7192.dcs
nbanew.prg(4075): warning: This statement (and everything after it) is unreachable due to an earlier Wait(forever) and/or End
Encoding .\origrom\2BAA34.dcs : OK, 82 DCS frames, 2085 bytes in ROM (18.9:1 compression, 26486 avg bps)
Encoding .\origrom\3AC18C.dcs : OK, 99 DCS frames, 2013 bytes in ROM (23.6:1 compression, 21181 avg bps)
nbanew.prg(4081): warning: This statement (and everything after it) is unreachable due to an earlier Wait(forever) and/or End
Reusing cached encoding of .\origrom\3AC18C.dcs
nbanew.prg(4086): warning: This statement (and everything after it) is unreachable due to an earlier Wait(forever) and/or End
Reusing cached encoding of .\origrom\3AC18C.dcs
nbanew.prg(4091): warning: This statement (and everything after it) is unreachable due to an earlier Wait(forever) and/or End
Reusing cached encoding of .\origrom\1CC03A.dcs
Reusing cached encoding of .\origrom\3AC18C.dcs
nbanew.prg(4097): warning: This statement (and everything after it) is unreachable due to an earlier Wait(forever) and/or End
Encoding .\origrom\3AC96C.dcs : OK, 85 DCS frames, 2094 bytes in ROM (19.5:1 compression, 25662 avg bps)
Encoding .\origrom\3AD19C.dcs : OK, 82 DCS frames, 1774 bytes in ROM (22.2:1 compression, 22536 avg bps)
nbanew.prg(4103): warning: This statement (and everything after it) is unreachable due to an earlier Wait(forever) and/or End
Reusing cached encoding of .\origrom\3AD19C.dcs
nbanew.prg(4108): warning: This statement (and everything after it) is unreachable due to an earlier Wait(forever) and/or End
Reusing cached encoding of .\origrom\3AD19C.dcs
nbanew.prg(4113): warning: This statement (and everything after it) is unreachable due to an earlier Wait(forever) and/or End
Reusing cached encoding of .\origrom\1CC03A.dcs
Reusing cached encoding of .\origrom\3AD19C.dcs
nbanew.prg(4119): warning: This statement (and everything after it) is unreachable due to an earlier Wait(forever) and/or End
Encoding .\origrom\2D4CF0.dcs : OK, 94 DCS frames, 1996 bytes in ROM (22.6:1 compression, 22119 avg bps)
Encoding .\origrom\1CA1F0.dcs : OK, 72 DCS frames, 1689 bytes in ROM (20.5:1 compression, 24436 avg bps)
nbanew.prg(4125): warning: This statement (and everything after it) is unreachable due to an earlier Wait(forever) and/or End
Reusing cached encoding of .\origrom\1CA1F0.dcs
nbanew.prg(4130): warning: This statement (and everything after it) is unreachable due to an earlier Wait(forever) and/or End
Reusing cached encoding of .\origrom\1CA1F0.dcs
nbanew.prg(4135): warning: This statement (and everything after it) is unreachable due to an earlier Wait(forever) and/or End
Reusing cached encoding of .\origrom\1CC03A.dcs
Reusing cached encoding of .\origrom\1CA1F0.dcs
nbanew.prg(4141): warning: This statement (and everything after it) is unreachable due to an earlier Wait(forever) and/or End
Encoding .\origrom\1BFCB4.dcs : OK, 90 DCS frames, 2995 bytes in ROM (14.4:1 compression, 34664 avg bps)
Encoding .\origrom\3CEC82.dcs : OK, 67 DCS frames, 1472 bytes in ROM (21.8:1 compression, 22886 avg bps)
nbanew.prg(4147): warning: This statement (and everything after it) is unreachable due to an earlier Wait(forever) and/or End
Reusing cached encoding of .\origrom\3CEC82.dcs
nbanew.prg(4152): warning: This statement (and everything after it) is unreachable due to an earlier Wait(forever) and/or End
Reusing cached encoding of .\origrom\3CEC82.dcs
nbanew.prg(4157): warning: This statement (and everything after it) is unreachable due to an earlier Wait(forever) and/or End
Reusing cached encoding of .\origrom\1CC03A.dcs
Reusing cached encoding of .\origrom\3CEC82.dcs
nbanew.prg(4163): warning: This statement (and everything after it) is unreachable due to an earlier Wait(forever) and/or End
Encoding .\origrom\1ABB22.dcs : OK, 85 DCS frames, 2034 bytes in ROM (20.1:1 compression, 24926 avg bps)
Encoding .\origrom\3AF124.dcs : OK, 114 DCS frames, 2583 bytes in ROM (21.2:1 compression, 23602 avg bps)
nbanew.prg(4169): warning: This statement (and everything after it) is unreachable due to an earlier Wait(forever) and/or End
Reusing cached encoding of .\origrom\3AF124.dcs
nbanew.prg(4174): warning: This statement (and everything after it) is unreachable due to an earlier Wait(forever) and/or End
Reusing cached encoding of .\origrom\3AF124.dcs
nbanew.prg(4179): warning: This statement (and everything after it) is unreachable due to an earlier Wait(forever) and/or End
Reusing cached encoding of .\origrom\1CC03A.dcs
Reusing cached encoding of .\origrom\3AF124.dcs
nbanew.prg(4185): warning: This statement (and everything after it) is unreachable due to an earlier Wait(forever) and/or End
Encoding .\origrom\2B7906.dcs : OK, 87 DCS frames, 2384 bytes in ROM (17.5:1 compression, 28544 avg bps)
Encoding .\origrom\1AC318.dcs : OK, 75 DCS frames, 1917 bytes in ROM (18.8:1 compression, 26625 avg bps)
nbanew.prg(4191): warning: This statement (and everything after it) is unreachable due to an earlier Wait(forever) and/or End
Reusing cached encoding of .\origrom\1AC318.dcs
nbanew.prg(4196): warning: This statement (and everything after it) is unreachable due to an earlier Wait(forever) and/or End
Reusing cached encoding of .\origrom\1AC318.dcs
nbanew.prg(4201): warning: This statement (and everything after it) is unreachable due to an earlier Wait(forever) and/or End
Reusing cached encoding of .\origrom\1CC03A.dcs
Reusing cached encoding of .\origrom\1AC318.dcs
nbanew.prg(4207): warning: This statement (and everything after it) is unreachable due to an earlier Wait(forever) and/or End
Encoding .\origrom\3AFB3C.dcs : OK, 92 DCS frames, 2259 bytes in ROM (19.5:1 compression, 25577 avg bps)
Encoding .\origrom\3B0418.dcs : OK, 118 DCS frames, 2183 bytes in ROM (25.9:1 compression, 19271 avg bps)
nbanew.prg(4213): warning: This statement (and everything after it) is unreachable due to an earlier Wait(forever) and/or End
Reusing cached encoding of .\origrom\3B0418.dcs
nbanew.prg(4218): warning: This statement (and everything after it) is unreachable due to an earlier Wait(forever) and/or End
Reusing cached encoding of .\origrom\3B0418.dcs
nbanew.prg(4223): warning: This statement (and everything after it) is unreachable due to an earlier Wait(forever) and/or End
Reusing cached encoding of .\origrom\1CC03A.dcs
Reusing cached encoding of .\origrom\3B0418.dcs
nbanew.prg(4229): warning: This statement (and everything after it) is unreachable due to an earlier Wait(forever) and/or End
Encoding .\origrom\3AE156.dcs : OK, 81 DCS frames, 2016 bytes in ROM (19.3:1 compression, 25926 avg bps)
Encoding .\origrom\3AE93A.dcs : OK, 94 DCS frames, 2023 bytes in ROM (22.3:1 compression, 22418 avg bps)
nbanew.prg(4235): warning: This statement (and everything after it) is unreachable due to an earlier Wait(forever) and/or End
Reusing cached encoding of .\origrom\3AE93A.dcs
nbanew.prg(4240): warning: This statement (and everything after it) is unreachable due to an earlier Wait(forever) and/or End
Reusing cached encoding of .\origrom\3AE93A.dcs
nbanew.prg(4245): warning: This statement (and everything after it) is unreachable due to an earlier Wait(forever) and/or End
Reusing cached encoding of .\origrom\1CC03A.dcs
Reusing cached encoding of .\origrom\3AE93A.dcs
nbanew.prg(4251): warning: This statement (and everything after it) is unreachable due to an earlier Wait(forever) and/or End
Reusing cached encoding of .\origrom\3AD88C.dcs
Encoding .\origrom\1AB26A.dcs : OK, 110 DCS frames, 2230 bytes in ROM (23.7:1 compression, 21117 avg bps)
nbanew.prg(4257): warning: This statement (and everything after it) is unreachable due to an earlier Wait(forever) and/or End
Reusing cached encoding of .\origrom\1AB26A.dcs
nbanew.prg(4262): warning: This statement (and everything after it) is unreachable due to an earlier Wait(forever) and/or End
Reusing cached encoding of .\origrom\1AB26A.dcs
nbanew.prg(4267): warning: This statement (and everything after it) is unreachable due to an earlier Wait(forever) and/or End
Reusing cached encoding of .\origrom\1CC03A.dcs
Reusing cached encoding of .\origrom\1AB26A.dcs
nbanew.prg(4273): warning: This statement (and everything after it) is unreachable due to an earlier Wait(forever) and/or End
Encoding .\origrom\1ACA98.dcs : OK, 90 DCS frames, 2081 bytes in ROM (20.8:1 compression, 24086 avg bps)
Encoding .\origrom\1AD2BE.dcs : OK, 122 DCS frames, 2257 bytes in ROM (25.9:1 compression, 19271 avg bps)
nbanew.prg(4279): warning: This statement (and everything after it) is unreachable due to an earlier Wait(forever) and/or End
Reusing cached encoding of .\origrom\1AD2BE.dcs
nbanew.prg(4284): warning: This statement (and everything after it) is unreachable due to an earlier Wait(forever) and/or End
Reusing cached encoding of .\origrom\1AD2BE.dcs
nbanew.prg(4289): warning: This statement (and everything after it) is unreachable due to an earlier Wait(forever) and/or End
Reusing cached encoding of .\origrom\1CC03A.dcs
Reusing cached encoding of .\origrom\1AD2BE.dcs
nbanew.prg(4295): warning: This statement (and everything after it) is unreachable due to an earlier Wait(forever) and/or End
Encoding .\origrom\2B8258.dcs : OK, 107 DCS frames, 2718 bytes in ROM (18.9:1 compression, 26460 avg bps)
Encoding .\origrom\2B8CF8.dcs : OK, 138 DCS frames, 2729 bytes in ROM (24.3:1 compression, 20599 avg bps)
nbanew.prg(4301): warning: This statement (and everything after it) is unreachable due to an earlier Wait(forever) and/or End
Reusing cached encoding of .\origrom\2B8CF8.dcs
nbanew.prg(4306): warning: This statement (and everything after it) is unreachable due to an earlier Wait(forever) and/or End
Reusing cached encoding of .\origrom\2B8CF8.dcs
nbanew.prg(4311): warning: This statement (and everything after it) is unreachable due to an earlier Wait(forever) and/or End
Reusing cached encoding of .\origrom\1CC03A.dcs
Reusing cached encoding of .\origrom\2B8CF8.dcs
nbanew.prg(4317): warning: This statement (and everything after it) is unreachable due to an earlier Wait(forever) and/or End
Encoding .\origrom\3B0CA2.dcs : OK, 113 DCS frames, 2748 bytes in ROM (19.7:1 compression, 25332 avg bps)
Encoding .\origrom\1ADB92.dcs : OK, 116 DCS frames, 2524 bytes in ROM (22.1:1 compression, 22665 avg bps)
nbanew.prg(4323): warning: This statement (and everything after it) is unreachable due to an earlier Wait(forever) and/or End
Reusing cached encoding of .\origrom\1ADB92.dcs
nbanew.prg(4328): warning: This statement (and everything after it) is unreachable due to an earlier Wait(forever) and/or End
Reusing cached encoding of .\origrom\1ADB92.dcs
nbanew.prg(4333): warning: This statement (and everything after it) is unreachable due to an earlier Wait(forever) and/or End
Reusing cached encoding of .\origrom\1CC03A.dcs
Reusing cached encoding of .\origrom\1ADB92.dcs
nbanew.prg(4339): warning: This statement (and everything after it) is unreachable due to an earlier Wait(forever) and/or End
Encoding .\origrom\2B97A4.dcs : OK, 97 DCS frames, 2524 bytes in ROM (18.4:1 compression, 27105 avg bps)
Encoding .\origrom\1AE570.dcs : OK, 68 DCS frames, 1418 bytes in ROM (23.0:1 compression, 21722 avg bps)
nbanew.prg(4345): warning: This statement (and everything after it) is unreachable due to an earlier Wait(forever) and/or End
Reusing cached encoding of .\origrom\1AE570.dcs
nbanew.prg(4350): warning: This statement (and everything after it) is unreachable due to an earlier Wait(forever) and/or End
Reusing cached encoding of .\origrom\1AE570.dcs
nbanew.prg(4355): warning: This statement (and everything after it) is unreachable due to an earlier Wait(forever) and/or End
Reusing cached encoding of .\origrom\1CC03A.dcs
Reusing cached encoding of .\origrom\1AE570.dcs
nbanew.prg(4361): warning: This statement (and everything after it) is unreachable due to an earlier Wait(forever) and/or End
Encoding .\origrom\2BE17C.dcs : OK, 87 DCS frames, 2326 bytes in ROM (18.0:1 compression, 27850 avg bps)
Encoding .\origrom\3B1760.dcs : OK, 67 DCS frames, 1737 bytes in ROM (18.5:1 compression, 27006 avg bps)
nbanew.prg(4367): warning: This statement (and everything after it) is unreachable due to an earlier Wait(forever) and/or End
Reusing cached encoding of .\origrom\3B1760.dcs
nbanew.prg(4372): warning: This statement (and everything after it) is unreachable due to an earlier Wait(forever) and/or End
Reusing cached encoding of .\origrom\3B1760.dcs
nbanew.prg(4377): warning: This statement (and everything after it) is unreachable due to an earlier Wait(forever) and/or End
Reusing cached encoding of .\origrom\1CC03A.dcs
Reusing cached encoding of .\origrom\3B1760.dcs
nbanew.prg(4383): warning: This statement (and everything after it) is unreachable due to an earlier Wait(forever) and/or End
Encoding .\origrom\3B4F10.dcs : OK, 75 DCS frames, 2136 bytes in ROM (16.9:1 compression, 29667 avg bps)
Encoding .\origrom\3B1E2A.dcs : OK, 108 DCS frames, 2500 bytes in ROM (20.7:1 compression, 24113 avg bps)
nbanew.prg(4389): warning: This statement (and everything after it) is unreachable due to an earlier Wait(forever) and/or End
Reusing cached encoding of .\origrom\3B1E2A.dcs
nbanew.prg(4394): warning: This statement (and everything after it) is unreachable due to an earlier Wait(forever) and/or End
Reusing cached encoding of .\origrom\3B1E2A.dcs
nbanew.prg(4399): warning: This statement (and everything after it) is unreachable due to an earlier Wait(forever) and/or End
Reusing cached encoding of .\origrom\1CC03A.dcs
Reusing cached encoding of .\origrom\3B1E2A.dcs
nbanew.prg(4405): warning: This statement (and everything after it) is unreachable due to an earlier Wait(forever) and/or End
Encoding .\origrom\1AEAFC.dcs : OK, 71 DCS frames, 1849 bytes in ROM (18.4:1 compression, 27127 avg bps)
Reusing cached encoding of .\origrom\2B7192.dcs
nbanew.prg(4411): warning: This statement (and everything after it) is unreachable due to an earlier Wait(forever) and/or End
Reusing cached encoding of .\origrom\2B7192.dcs
nbanew.prg(4416): warning: This statement (and everything after it) is unreachable due to an earlier Wait(forever) and/or End
Reusing cached encoding of .\origrom\2B7192.dcs
nbanew.prg(4421): warning: This statement (and everything after it) is unreachable due to an earlier Wait(forever) and/or End
Reusing cached encoding of .\origrom\1CC03A.dcs
Reusing cached encoding of .\origrom\2B7192.dcs
nbanew.prg(4427): warning: This statement (and everything after it) is unreachable due to an earlier Wait(forever) and/or End
Encoding .\origrom\3B27F0.dcs : OK, 82 DCS frames, 2161 bytes in ROM (18.2:1 compression, 27452 avg bps)
Reusing cached encoding of .\origrom\3AC18C.dcs
nbanew.prg(4433): warning: This statement (and everything after it) is unreachable due to an earlier Wait(forever) and/or End
Reusing cached encoding of .\origrom\3AC18C.dcs
nbanew.prg(4438): warning: This statement (and everything after it) is unreachable due to an earlier Wait(forever) and/or End
Reusing cached encoding of .\origrom\3AC18C.dcs
nbanew.prg(4443): warning: This statement (and everything after it) is unreachable due to an earlier Wait(forever) and/or End
Reusing cached encoding of .\origrom\1CC03A.dcs
Reusing cached encoding of .\origrom\3AC18C.dcs
nbanew.prg(4449): warning: This statement (and everything after it) is unreachable due to an earlier Wait(forever) and/or End
Encoding .\origrom\1AF238.dcs : OK, 74 DCS frames, 1981 bytes in ROM (17.9:1 compression, 27886 avg bps)
Encoding .\origrom\1AF9F8.dcs : OK, 59 DCS frames, 1057 bytes in ROM (26.8:1 compression, 18662 avg bps)
nbanew.prg(4455): warning: This statement (and everything after it) is unreachable due to an earlier Wait(forever) and/or End
Reusing cached encoding of .\origrom\1AF9F8.dcs
nbanew.prg(4460): warning: This statement (and everything after it) is unreachable due to an earlier Wait(forever) and/or End
Reusing cached encoding of .\origrom\1AF9F8.dcs
nbanew.prg(4465): warning: This statement (and everything after it) is unreachable due to an earlier Wait(forever) and/or End
Reusing cached encoding of .\origrom\1CC03A.dcs
Reusing cached encoding of .\origrom\1AF9F8.dcs
nbanew.prg(4471): warning: This statement (and everything after it) is unreachable due to an earlier Wait(forever) and/or End
Encoding .\origrom\2B357C.dcs : OK, 76 DCS frames, 2466 bytes in ROM (14.8:1 compression, 33799 avg bps)
Encoding .\origrom\3B306A.dcs : OK, 105 DCS frames, 1924 bytes in ROM (26.2:1 compression, 19087 avg bps)
nbanew.prg(4477): warning: This statement (and everything after it) is unreachable due to an earlier Wait(forever) and/or End
Reusing cached encoding of .\origrom\3B306A.dcs
nbanew.prg(4482): warning: This statement (and everything after it) is unreachable due to an earlier Wait(forever) and/or End
Reusing cached encoding of .\origrom\3B306A.dcs
nbanew.prg(4487): warning: This statement (and everything after it) is unreachable due to an earlier Wait(forever) and/or End
Reusing cached encoding of .\origrom\1CC03A.dcs
Reusing cached encoding of .\origrom\3B306A.dcs
nbanew.prg(4493): warning: This statement (and everything after it) is unreachable due to an earlier Wait(forever) and/or End
Encoding .\origrom\3B37F0.dcs : OK, 78 DCS frames, 1928 bytes in ROM (19.4:1 compression, 25748 avg bps)
Encoding .\origrom\3C2420.dcs : OK, 111 DCS frames, 2522 bytes in ROM (21.1:1 compression, 23667 avg bps)
nbanew.prg(4499): warning: This statement (and everything after it) is unreachable due to an earlier Wait(forever) and/or End
Reusing cached encoding of .\origrom\3C2420.dcs
nbanew.prg(4504): warning: This statement (and everything after it) is unreachable due to an earlier Wait(forever) and/or End
Reusing cached encoding of .\origrom\3C2420.dcs
nbanew.prg(4509): warning: This statement (and everything after it) is unreachable due to an earlier Wait(forever) and/or End
Reusing cached encoding of .\origrom\1CC03A.dcs
Reusing cached encoding of .\origrom\3C2420.dcs
nbanew.prg(4515): warning: This statement (and everything after it) is unreachable due to an earlier Wait(forever) and/or End
Encoding .\origrom\1AFE1C.dcs : OK, 79 DCS frames, 2049 bytes in ROM (18.5:1 compression, 27017 avg bps)
Encoding .\origrom\2BA182.dcs : OK, 102 DCS frames, 2224 bytes in ROM (22.0:1 compression, 22712 avg bps)
nbanew.prg(4521): warning: This statement (and everything after it) is unreachable due to an earlier Wait(forever) and/or End
Reusing cached encoding of .\origrom\2BA182.dcs
nbanew.prg(4526): warning: This statement (and everything after it) is unreachable due to an earlier Wait(forever) and/or End
Reusing cached encoding of .\origrom\2BA182.dcs
nbanew.prg(4531): warning: This statement (and everything after it) is unreachable due to an earlier Wait(forever) and/or End
Reusing cached encoding of .\origrom\1CC03A.dcs
Reusing cached encoding of .\origrom\2BA182.dcs
nbanew.prg(4537): warning: This statement (and everything after it) is unreachable due to an earlier Wait(forever) and/or End
Encoding .\origrom\2BB25C.dcs : OK, 93 DCS frames, 2559 bytes in ROM (17.4:1 compression, 28663 avg bps)
Encoding .\origrom\3B4662.dcs : OK, 108 DCS frames, 2219 bytes in ROM (23.4:1 compression, 21402 avg bps)
nbanew.prg(4543): warning: This statement (and everything after it) is unreachable due to an earlier Wait(forever) and/or End
Reusing cached encoding of .\origrom\3B4662.dcs
nbanew.prg(4548): warning: This statement (and everything after it) is unreachable due to an earlier Wait(forever) and/or End
Reusing cached encoding of .\origrom\3B4662.dcs
nbanew.prg(4553): warning: This statement (and everything after it) is unreachable due to an earlier Wait(forever) and/or End
Reusing cached encoding of .\origrom\1CC03A.dcs
Reusing cached encoding of .\origrom\3B4662.dcs
nbanew.prg(4559): warning: This statement (and everything after it) is unreachable due to an earlier Wait(forever) and/or End
Reusing cached encoding of .\origrom\3B4F10.dcs
Reusing cached encoding of .\origrom\1B0628.dcs
nbanew.prg(4565): warning: This statement (and everything after it) is unreachable due to an earlier Wait(forever) and/or End
Reusing cached encoding of .\origrom\1B0628.dcs
nbanew.prg(4570): warning: This statement (and everything after it) is unreachable due to an earlier Wait(forever) and/or End
Reusing cached encoding of .\origrom\1B0628.dcs
nbanew.prg(4575): warning: This statement (and everything after it) is unreachable due to an earlier Wait(forever) and/or End
Reusing cached encoding of .\origrom\1CC03A.dcs
Reusing cached encoding of .\origrom\1B0628.dcs
nbanew.prg(4581): warning: This statement (and everything after it) is unreachable due to an earlier Wait(forever) and/or End
Reusing cached encoding of .\origrom\2BAA34.dcs
Encoding .\origrom\3B3F7A.dcs : OK, 101 DCS frames, 1765 bytes in ROM (27.5:1 compression, 18203 avg bps)
nbanew.prg(4587): warning: This statement (and everything after it) is unreachable due to an earlier Wait(forever) and/or End
Reusing cached encoding of .\origrom\3B3F7A.dcs
nbanew.prg(4592): warning: This statement (and everything after it) is unreachable due to an earlier Wait(forever) and/or End
Reusing cached encoding of .\origrom\3B3F7A.dcs
nbanew.prg(4597): warning: This statement (and everything after it) is unreachable due to an earlier Wait(forever) and/or End
Reusing cached encoding of .\origrom\1CC03A.dcs
Reusing cached encoding of .\origrom\3B3F7A.dcs
nbanew.prg(4603): warning: This statement (and everything after it) is unreachable due to an earlier Wait(forever) and/or End
Encoding .\origrom\3CE28A.dcs : OK, 105 DCS frames, 2551 bytes in ROM (19.8:1 compression, 25308 avg bps)
Encoding .\origrom\1B0C16.dcs : OK, 177 DCS frames, 4506 bytes in ROM (18.9:1 compression, 26518 avg bps)
nbanew.prg(4609): warning: This statement (and everything after it) is unreachable due to an earlier Wait(forever) and/or End
Reusing cached encoding of .\origrom\1B0C16.dcs
nbanew.prg(4614): warning: This statement (and everything after it) is unreachable due to an earlier Wait(forever) and/or End
Encoding .\origrom\2BBC78.dcs : OK, 131 DCS frames, 2944 bytes in ROM (21.4:1 compression, 23410 avg bps)
nbanew.prg(4619): warning: This statement (and everything after it) is unreachable due to an earlier Wait(forever) and/or End
Reusing cached encoding of .\origrom\1CC03A.dcs
Reusing cached encoding of .\origrom\2BBC78.dcs
nbanew.prg(4625): warning: This statement (and everything after it) is unreachable due to an earlier Wait(forever) and/or End
Encoding .\origrom\1B1DB2.dcs : OK, 93 DCS frames, 2299 bytes in ROM (19.4:1 compression, 25750 avg bps)
Encoding .\origrom\2BC7FA.dcs : OK, 88 DCS frames, 1871 bytes in ROM (22.6:1 compression, 22147 avg bps)
nbanew.prg(4631): warning: This statement (and everything after it) is unreachable due to an earlier Wait(forever) and/or End
Reusing cached encoding of .\origrom\2BC7FA.dcs
nbanew.prg(4636): warning: This statement (and everything after it) is unreachable due to an earlier Wait(forever) and/or End
Reusing cached encoding of .\origrom\2BC7FA.dcs
nbanew.prg(4641): warning: This statement (and everything after it) is unreachable due to an earlier Wait(forever) and/or End
Reusing cached encoding of .\origrom\1CC03A.dcs
Reusing cached encoding of .\origrom\2BC7FA.dcs
nbanew.prg(4647): warning: This statement (and everything after it) is unreachable due to an earlier Wait(forever) and/or End
Encoding .\origrom\3B5772.dcs : OK, 91 DCS frames, 1474 bytes in ROM (29.6:1 compression, 16873 avg bps)
Encoding .\origrom\2BCF4C.dcs : OK, 100 DCS frames, 2117 bytes in ROM (22.7:1 compression, 22052 avg bps)
nbanew.prg(4653): warning: This statement (and everything after it) is unreachable due to an earlier Wait(forever) and/or End
Reusing cached encoding of .\origrom\2BCF4C.dcs
nbanew.prg(4658): warning: This statement (and everything after it) is unreachable due to an earlier Wait(forever) and/or End
Reusing cached encoding of .\origrom\2BCF4C.dcs
nbanew.prg(4663): warning: This statement (and everything after it) is unreachable due to an earlier Wait(forever) and/or End
Reusing cached encoding of .\origrom\1CC03A.dcs
Reusing cached encoding of .\origrom\2BCF4C.dcs
nbanew.prg(4669): warning: This statement (and everything after it) is unreachable due to an earlier Wait(forever) and/or End
Encoding .\origrom\3B5D36.dcs : OK, 75 DCS frames, 2094 bytes in ROM (17.2:1 compression, 29083 avg bps)
Encoding .\origrom\2BD794.dcs : OK, 91 DCS frames, 2534 bytes in ROM (17.2:1 compression, 29006 avg bps)
nbanew.prg(4675): warning: This statement (and everything after it) is unreachable due to an earlier Wait(forever) and/or End
Reusing cached encoding of .\origrom\2BD794.dcs
nbanew.prg(4680): warning: This statement (and everything after it) is unreachable due to an earlier Wait(forever) and/or End
Reusing cached encoding of .\origrom\2BD794.dcs
nbanew.prg(4685): warning: This statement (and everything after it) is unreachable due to an earlier Wait(forever) and/or End
Reusing cached encoding of .\origrom\1CC03A.dcs
Reusing cached encoding of .\origrom\2BD794.dcs
nbanew.prg(4691): warning: This statement (and everything after it) is unreachable due to an earlier Wait(forever) and/or End
Encoding .\origrom\3CC0A4.dcs : OK, 72 DCS frames, 1687 bytes in ROM (20.5:1 compression, 24407 avg bps)
Reusing cached encoding of .\origrom\1B0628.dcs
nbanew.prg(4697): warning: This statement (and everything after it) is unreachable due to an earlier Wait(forever) and/or End
Reusing cached encoding of .\origrom\1B0628.dcs
nbanew.prg(4702): warning: This statement (and everything after it) is unreachable due to an earlier Wait(forever) and/or End
Reusing cached encoding of .\origrom\1B0628.dcs
nbanew.prg(4707): warning: This statement (and everything after it) is unreachable due to an earlier Wait(forever) and/or End
Reusing cached encoding of .\origrom\1CC03A.dcs
Reusing cached encoding of .\origrom\1B0628.dcs
nbanew.prg(4713): warning: This statement (and everything after it) is unreachable due to an earlier Wait(forever) and/or End
Encoding .\origrom\1B26B0.dcs : OK, 110 DCS frames, 2739 bytes in ROM (19.3:1 compression, 25938 avg bps)
Encoding .\origrom\3B6566.dcs : OK, 92 DCS frames, 1747 bytes in ROM (25.3:1 compression, 19780 avg bps)
nbanew.prg(4719): warning: This statement (and everything after it) is unreachable due to an earlier Wait(forever) and/or End
Reusing cached encoding of .\origrom\3B6566.dcs
nbanew.prg(4724): warning: This statement (and everything after it) is unreachable due to an earlier Wait(forever) and/or End
Reusing cached encoding of .\origrom\3B6566.dcs
nbanew.prg(4729): warning: This statement (and everything after it) is unreachable due to an earlier Wait(forever) and/or End
Reusing cached encoding of .\origrom\1CC03A.dcs
Reusing cached encoding of .\origrom\3B6566.dcs
nbanew.prg(4735): warning: This statement (and everything after it) is unreachable due to an earlier Wait(forever) and/or End
Reusing cached encoding of .\origrom\2BE17C.dcs
Encoding .\origrom\3B6C3C.dcs : OK, 81 DCS frames, 1898 bytes in ROM (20.5:1 compression, 24408 avg bps)
nbanew.prg(4741): warning: This statement (and everything after it) is unreachable due to an earlier Wait(forever) and/or End
Reusing cached encoding of .\origrom\3B6C3C.dcs
nbanew.prg(4746): warning: This statement (and everything after it) is unreachable due to an earlier Wait(forever) and/or End
Reusing cached encoding of .\origrom\3B6C3C.dcs
nbanew.prg(4751): warning: This statement (and everything after it) is unreachable due to an earlier Wait(forever) and/or End
Reusing cached encoding of .\origrom\1CC03A.dcs
Reusing cached encoding of .\origrom\3B6C3C.dcs
nbanew.prg(4757): warning: This statement (and everything after it) is unreachable due to an earlier Wait(forever) and/or End
Reusing cached encoding of .\origrom\1A769C.dcs
Encoding .\origrom\2BEA96.dcs : OK, 108 DCS frames, 2647 bytes in ROM (19.6:1 compression, 25530 avg bps)
nbanew.prg(4763): warning: This statement (and everything after it) is unreachable due to an earlier Wait(forever) and/or End
Reusing cached encoding of .\origrom\2BEA96.dcs
nbanew.prg(4768): warning: This statement (and everything after it) is unreachable due to an earlier Wait(forever) and/or End
Reusing cached encoding of .\origrom\2BEA96.dcs
nbanew.prg(4773): warning: This statement (and everything after it) is unreachable due to an earlier Wait(forever) and/or End
Reusing cached encoding of .\origrom\1CC03A.dcs
Reusing cached encoding of .\origrom\2BEA96.dcs
nbanew.prg(4779): warning: This statement (and everything after it) is unreachable due to an earlier Wait(forever) and/or End
Encoding .\origrom\1BAEC0.dcs : OK, 81 DCS frames, 1791 bytes in ROM (21.7:1 compression, 23032 avg bps)
Encoding .\origrom\3B73A8.dcs : OK, 101 DCS frames, 2189 bytes in ROM (22.1:1 compression, 22576 avg bps)
nbanew.prg(4785): warning: This statement (and everything after it) is unreachable due to an earlier Wait(forever) and/or End
Reusing cached encoding of .\origrom\3B73A8.dcs
nbanew.prg(4790): warning: This statement (and everything after it) is unreachable due to an earlier Wait(forever) and/or End
Reusing cached encoding of .\origrom\3B73A8.dcs
nbanew.prg(4795): warning: This statement (and everything after it) is unreachable due to an earlier Wait(forever) and/or End
Reusing cached encoding of .\origrom\1CC03A.dcs
Reusing cached encoding of .\origrom\3B73A8.dcs
nbanew.prg(4801): warning: This statement (and everything after it) is unreachable due to an earlier Wait(forever) and/or End
Encoding .\origrom\1B3166.dcs : OK, 72 DCS frames, 1254 bytes in ROM (27.6:1 compression, 18142 avg bps)
Reusing cached encoding of .\origrom\3AF124.dcs
nbanew.prg(4807): warning: This statement (and everything after it) is unreachable due to an earlier Wait(forever) and/or End
Reusing cached encoding of .\origrom\3AF124.dcs
nbanew.prg(4812): warning: This statement (and everything after it) is unreachable due to an earlier Wait(forever) and/or End
Reusing cached encoding of .\origrom\3AF124.dcs
nbanew.prg(4817): warning: This statement (and everything after it) is unreachable due to an earlier Wait(forever) and/or End
Reusing cached encoding of .\origrom\1CC03A.dcs
Reusing cached encoding of .\origrom\3AF124.dcs
nbanew.prg(4823): warning: This statement (and everything after it) is unreachable due to an earlier Wait(forever) and/or End
Encoding .\origrom\1B364E.dcs : OK, 43 DCS frames, 909 bytes in ROM (22.7:1 compression, 22020 avg bps)
Encoding .\origrom\1B39E0.dcs : OK, 62 DCS frames, 1119 bytes in ROM (26.6:1 compression, 18800 avg bps)
nbanew.prg(4829): warning: This statement (and everything after it) is unreachable due to an earlier Wait(forever) and/or End
Reusing cached encoding of .\origrom\1B39E0.dcs
nbanew.prg(4834): warning: This statement (and everything after it) is unreachable due to an earlier Wait(forever) and/or End
Reusing cached encoding of .\origrom\1B39E0.dcs
nbanew.prg(4839): warning: This statement (and everything after it) is unreachable due to an earlier Wait(forever) and/or End
Reusing cached encoding of .\origrom\1CC03A.dcs
Reusing cached encoding of .\origrom\1B39E0.dcs
nbanew.prg(4845): warning: This statement (and everything after it) is unreachable due to an earlier Wait(forever) and/or End
Encoding .\origrom\1B3E42.dcs : OK, 71 DCS frames, 1236 bytes in ROM (27.6:1 compression, 18134 avg bps)
Encoding .\origrom\3B7C38.dcs : OK, 80 DCS frames, 1685 bytes in ROM (22.8:1 compression, 21940 avg bps)
nbanew.prg(4851): warning: This statement (and everything after it) is unreachable due to an earlier Wait(forever) and/or End
Reusing cached encoding of .\origrom\3B7C38.dcs
nbanew.prg(4856): warning: This statement (and everything after it) is unreachable due to an earlier Wait(forever) and/or End
Reusing cached encoding of .\origrom\3B7C38.dcs
nbanew.prg(4861): warning: This statement (and everything after it) is unreachable due to an earlier Wait(forever) and/or End
Reusing cached encoding of .\origrom\1CC03A.dcs
Reusing cached encoding of .\origrom\3B7C38.dcs
nbanew.prg(4867): warning: This statement (and everything after it) is unreachable due to an earlier Wait(forever) and/or End
Encoding .\origrom\3B82D6.dcs : OK, 120 DCS frames, 3111 bytes in ROM (18.5:1 compression, 27005 avg bps)
Encoding .\origrom\1B4318.dcs : OK, 71 DCS frames, 1124 bytes in ROM (30.3:1 compression, 16491 avg bps)
nbanew.prg(4873): warning: This statement (and everything after it) is unreachable due to an earlier Wait(forever) and/or End
Reusing cached encoding of .\origrom\1B4318.dcs
nbanew.prg(4878): warning: This statement (and everything after it) is unreachable due to an earlier Wait(forever) and/or End
Reusing cached encoding of .\origrom\1B4318.dcs
nbanew.prg(4883): warning: This statement (and everything after it) is unreachable due to an earlier Wait(forever) and/or End
Reusing cached encoding of .\origrom\1CC03A.dcs
Reusing cached encoding of .\origrom\1B4318.dcs
nbanew.prg(4889): warning: This statement (and everything after it) is unreachable due to an earlier Wait(forever) and/or End
Encoding .\origrom\2BF4EE.dcs : OK, 74 DCS frames, 1909 bytes in ROM (18.6:1 compression, 26872 avg bps)
Encoding .\origrom\2BFC66.dcs : OK, 105 DCS frames, 2533 bytes in ROM (19.9:1 compression, 25129 avg bps)
nbanew.prg(4895): warning: This statement (and everything after it) is unreachable due to an earlier Wait(forever) and/or End
Reusing cached encoding of .\origrom\2BFC66.dcs
nbanew.prg(4900): warning: This statement (and everything after it) is unreachable due to an earlier Wait(forever) and/or End
Reusing cached encoding of .\origrom\2BFC66.dcs
nbanew.prg(4905): warning: This statement (and everything after it) is unreachable due to an earlier Wait(forever) and/or End
Reusing cached encoding of .\origrom\1CC03A.dcs
Reusing cached encoding of .\origrom\2BFC66.dcs
nbanew.prg(4911): warning: This statement (and everything after it) is unreachable due to an earlier Wait(forever) and/or End
Encoding .\origrom\3B8F00.dcs : OK, 91 DCS frames, 1775 bytes in ROM (24.6:1 compression, 20318 avg bps)
Encoding .\origrom\1B477E.dcs : OK, 79 DCS frames, 1822 bytes in ROM (20.8:1 compression, 24024 avg bps)
nbanew.prg(4917): warning: This statement (and everything after it) is unreachable due to an earlier Wait(forever) and/or End
Reusing cached encoding of .\origrom\1B477E.dcs
nbanew.prg(4922): warning: This statement (and everything after it) is unreachable due to an earlier Wait(forever) and/or End
Reusing cached encoding of .\origrom\1B477E.dcs
nbanew.prg(4927): warning: This statement (and everything after it) is unreachable due to an earlier Wait(forever) and/or End
Reusing cached encoding of .\origrom\1CC03A.dcs
Reusing cached encoding of .\origrom\1B477E.dcs
nbanew.prg(4933): warning: This statement (and everything after it) is unreachable due to an earlier Wait(forever) and/or End
Encoding .\origrom\1BD30E.dcs : OK, 75 DCS frames, 1231 bytes in ROM (29.2:1 compression, 17097 avg bps)
Encoding .\origrom\2C064C.dcs : OK, 105 DCS frames, 2324 bytes in ROM (21.7:1 compression, 23056 avg bps)
nbanew.prg(4939): warning: This statement (and everything after it) is unreachable due to an earlier Wait(forever) and/or End
Reusing cached encoding of .\origrom\2C064C.dcs
nbanew.prg(4944): warning: This statement (and everything after it) is unreachable due to an earlier Wait(forever) and/or End
Reusing cached encoding of .\origrom\2C064C.dcs
nbanew.prg(4949): warning: This statement (and everything after it) is unreachable due to an earlier Wait(forever) and/or End
Reusing cached encoding of .\origrom\1CC03A.dcs
Reusing cached encoding of .\origrom\2C064C.dcs
nbanew.prg(4955): warning: This statement (and everything after it) is unreachable due to an earlier Wait(forever) and/or End
Encoding .\origrom\1B4E9E.dcs : OK, 92 DCS frames, 2416 bytes in ROM (18.3:1 compression, 27355 avg bps)
Encoding .\origrom\3B95F2.dcs : OK, 93 DCS frames, 2143 bytes in ROM (20.8:1 compression, 24003 avg bps)
nbanew.prg(4961): warning: This statement (and everything after it) is unreachable due to an earlier Wait(forever) and/or End
Reusing cached encoding of .\origrom\3B95F2.dcs
nbanew.prg(4966): warning: This statement (and everything after it) is unreachable due to an earlier Wait(forever) and/or End
Reusing cached encoding of .\origrom\3B95F2.dcs
nbanew.prg(4971): warning: This statement (and everything after it) is unreachable due to an earlier Wait(forever) and/or End
Reusing cached encoding of .\origrom\1CC03A.dcs
Reusing cached encoding of .\origrom\3B95F2.dcs
nbanew.prg(4977): warning: This statement (and everything after it) is unreachable due to an earlier Wait(forever) and/or End
Encoding .\origrom\2C0F62.dcs : OK, 92 DCS frames, 1751 bytes in ROM (25.2:1 compression, 19826 avg bps)
Encoding .\origrom\2C163C.dcs : OK, 105 DCS frames, 2306 bytes in ROM (21.9:1 compression, 22877 avg bps)
nbanew.prg(4983): warning: This statement (and everything after it) is unreachable due to an earlier Wait(forever) and/or End
Reusing cached encoding of .\origrom\2C163C.dcs
nbanew.prg(4988): warning: This statement (and everything after it) is unreachable due to an earlier Wait(forever) and/or End
Reusing cached encoding of .\origrom\2C163C.dcs
nbanew.prg(4993): warning: This statement (and everything after it) is unreachable due to an earlier Wait(forever) and/or End
Reusing cached encoding of .\origrom\1CC03A.dcs
Reusing cached encoding of .\origrom\2C163C.dcs
nbanew.prg(4999): warning: This statement (and everything after it) is unreachable due to an earlier Wait(forever) and/or End
Encoding .\origrom\3B9E52.dcs : OK, 60 DCS frames, 1436 bytes in ROM (20.1:1 compression, 24931 avg bps)
Encoding .\origrom\2C1F40.dcs : OK, 87 DCS frames, 1889 bytes in ROM (22.1:1 compression, 22617 avg bps)
nbanew.prg(5005): warning: This statement (and everything after it) is unreachable due to an earlier Wait(forever) and/or End
Reusing cached encoding of .\origrom\2C1F40.dcs
nbanew.prg(5010): warning: This statement (and everything after it) is unreachable due to an earlier Wait(forever) and/or End
Reusing cached encoding of .\origrom\2C1F40.dcs
nbanew.prg(5015): warning: This statement (and everything after it) is unreachable due to an earlier Wait(forever) and/or End
Reusing cached encoding of .\origrom\1CC03A.dcs
Reusing cached encoding of .\origrom\2C1F40.dcs
nbanew.prg(5021): warning: This statement (and everything after it) is unreachable due to an earlier Wait(forever) and/or End
Encoding .\origrom\1B5810.dcs : OK, 68 DCS frames, 2141 bytes in ROM (15.2:1 compression, 32797 avg bps)
Reusing cached encoding of .\origrom\3AE93A.dcs
nbanew.prg(5027): warning: This statement (and everything after it) is unreachable due to an earlier Wait(forever) and/or End
Reusing cached encoding of .\origrom\3AE93A.dcs
nbanew.prg(5032): warning: This statement (and everything after it) is unreachable due to an earlier Wait(forever) and/or End
Reusing cached encoding of .\origrom\3AE93A.dcs
nbanew.prg(5037): warning: This statement (and everything after it) is unreachable due to an earlier Wait(forever) and/or End
Reusing cached encoding of .\origrom\1CC03A.dcs
Reusing cached encoding of .\origrom\3AE93A.dcs
nbanew.prg(5043): warning: This statement (and everything after it) is unreachable due to an earlier Wait(forever) and/or End
Encoding .\origrom\2C3916.dcs : OK, 148 DCS frames, 3776 bytes in ROM (18.8:1 compression, 26577 avg bps)
Encoding .\origrom\3BAB82.dcs : OK, 82 DCS frames, 1695 bytes in ROM (23.2:1 compression, 21532 avg bps)
nbanew.prg(5049): warning: This statement (and everything after it) is unreachable due to an earlier Wait(forever) and/or End
Reusing cached encoding of .\origrom\3BAB82.dcs
nbanew.prg(5054): warning: This statement (and everything after it) is unreachable due to an earlier Wait(forever) and/or End
Reusing cached encoding of .\origrom\3BAB82.dcs
nbanew.prg(5059): warning: This statement (and everything after it) is unreachable due to an earlier Wait(forever) and/or End
Reusing cached encoding of .\origrom\1CC03A.dcs
Reusing cached encoding of .\origrom\3BAB82.dcs
nbanew.prg(5065): warning: This statement (and everything after it) is unreachable due to an earlier Wait(forever) and/or End
Encoding .\origrom\2C26A2.dcs : OK, 78 DCS frames, 2215 bytes in ROM (16.9:1 compression, 29581 avg bps)
Encoding .\origrom\3BA3F0.dcs : OK, 98 DCS frames, 1937 bytes in ROM (24.3:1 compression, 20589 avg bps)
nbanew.prg(5071): warning: This statement (and everything after it) is unreachable due to an earlier Wait(forever) and/or End
Reusing cached encoding of .\origrom\3BA3F0.dcs
nbanew.prg(5076): warning: This statement (and everything after it) is unreachable due to an earlier Wait(forever) and/or End
Reusing cached encoding of .\origrom\3BA3F0.dcs
nbanew.prg(5081): warning: This statement (and everything after it) is unreachable due to an earlier Wait(forever) and/or End
Reusing cached encoding of .\origrom\1CC03A.dcs
Reusing cached encoding of .\origrom\3BA3F0.dcs
nbanew.prg(5087): warning: This statement (and everything after it) is unreachable due to an earlier Wait(forever) and/or End
Encoding .\origrom\1B8450.dcs : OK, 74 DCS frames, 1479 bytes in ROM (24.0:1 compression, 20819 avg bps)
Encoding .\origrom\3BB222.dcs : OK, 72 DCS frames, 1694 bytes in ROM (20.4:1 compression, 24508 avg bps)
nbanew.prg(5093): warning: This statement (and everything after it) is unreachable due to an earlier Wait(forever) and/or End
Reusing cached encoding of .\origrom\3BB222.dcs
nbanew.prg(5098): warning: This statement (and everything after it) is unreachable due to an earlier Wait(forever) and/or End
Reusing cached encoding of .\origrom\3BB222.dcs
nbanew.prg(5103): warning: This statement (and everything after it) is unreachable due to an earlier Wait(forever) and/or End
Reusing cached encoding of .\origrom\1CC03A.dcs
Reusing cached encoding of .\origrom\3BB222.dcs
nbanew.prg(5109): warning: This statement (and everything after it) is unreachable due to an earlier Wait(forever) and/or End
Encoding .\origrom\2C2F4C.dcs : OK, 84 DCS frames, 2504 bytes in ROM (16.1:1 compression, 31052 avg bps)
Encoding .\origrom\1B6070.dcs : OK, 115 DCS frames, 2917 bytes in ROM (18.9:1 compression, 26422 avg bps)
nbanew.prg(5115): warning: This statement (and everything after it) is unreachable due to an earlier Wait(forever) and/or End
Reusing cached encoding of .\origrom\1B6070.dcs
nbanew.prg(5120): warning: This statement (and everything after it) is unreachable due to an earlier Wait(forever) and/or End
Reusing cached encoding of .\origrom\1B6070.dcs
nbanew.prg(5125): warning: This statement (and everything after it) is unreachable due to an earlier Wait(forever) and/or End
Reusing cached encoding of .\origrom\1CC03A.dcs
Reusing cached encoding of .\origrom\1B6070.dcs
nbanew.prg(5131): warning: This statement (and everything after it) is unreachable due to an earlier Wait(forever) and/or End
Encoding .\origrom\1B6BD8.dcs : OK, 74 DCS frames, 1672 bytes in ROM (21.2:1 compression, 23536 avg bps)
Encoding .\origrom\2C47D8.dcs : OK, 93 DCS frames, 1787 bytes in ROM (25.0:1 compression, 20016 avg bps)
nbanew.prg(5137): warning: This statement (and everything after it) is unreachable due to an earlier Wait(forever) and/or End
Reusing cached encoding of .\origrom\2C47D8.dcs
nbanew.prg(5142): warning: This statement (and everything after it) is unreachable due to an earlier Wait(forever) and/or End
Reusing cached encoding of .\origrom\2C47D8.dcs
nbanew.prg(5147): warning: This statement (and everything after it) is unreachable due to an earlier Wait(forever) and/or End
Reusing cached encoding of .\origrom\1CC03A.dcs
Reusing cached encoding of .\origrom\2C47D8.dcs
nbanew.prg(5153): warning: This statement (and everything after it) is unreachable due to an earlier Wait(forever) and/or End
Reusing cached encoding of .\origrom\3BB8C2.dcs
Encoding .\origrom\3BC0D8.dcs : OK, 144 DCS frames, 2926 bytes in ROM (23.6:1 compression, 21166 avg bps)
nbanew.prg(5159): warning: This statement (and everything after it) is unreachable due to an earlier Wait(forever) and/or End
Reusing cached encoding of .\origrom\3BC0D8.dcs
nbanew.prg(5164): warning: This statement (and everything after it) is unreachable due to an earlier Wait(forever) and/or End
Reusing cached encoding of .\origrom\3BC0D8.dcs
nbanew.prg(5169): warning: This statement (and everything after it) is unreachable due to an earlier Wait(forever) and/or End
Reusing cached encoding of .\origrom\1CC03A.dcs
Reusing cached encoding of .\origrom\3BC0D8.dcs
nbanew.prg(5175): warning: This statement (and everything after it) is unreachable due to an earlier Wait(forever) and/or End
Encoding .\origrom\2C4ED6.dcs : OK, 88 DCS frames, 2048 bytes in ROM (20.6:1 compression, 24242 avg bps)
Encoding .\origrom\3BCC48.dcs : OK, 88 DCS frames, 1550 bytes in ROM (27.3:1 compression, 18348 avg bps)
nbanew.prg(5181): warning: This statement (and everything after it) is unreachable due to an earlier Wait(forever) and/or End
Reusing cached encoding of .\origrom\3BCC48.dcs
nbanew.prg(5186): warning: This statement (and everything after it) is unreachable due to an earlier Wait(forever) and/or End
Reusing cached encoding of .\origrom\3BCC48.dcs
nbanew.prg(5191): warning: This statement (and everything after it) is unreachable due to an earlier Wait(forever) and/or End
Reusing cached encoding of .\origrom\1CC03A.dcs
Reusing cached encoding of .\origrom\3BCC48.dcs
nbanew.prg(5197): warning: This statement (and everything after it) is unreachable due to an earlier Wait(forever) and/or End
Encoding .\origrom\3BDED0.dcs : OK, 82 DCS frames, 1548 bytes in ROM (25.4:1 compression, 19665 avg bps)
Encoding .\origrom\1B7262.dcs : OK, 81 DCS frames, 1683 bytes in ROM (23.1:1 compression, 21644 avg bps)
nbanew.prg(5203): warning: This statement (and everything after it) is unreachable due to an earlier Wait(forever) and/or End
Reusing cached encoding of .\origrom\1B7262.dcs
nbanew.prg(5208): warning: This statement (and everything after it) is unreachable due to an earlier Wait(forever) and/or End
Reusing cached encoding of .\origrom\1B7262.dcs
nbanew.prg(5213): warning: This statement (and everything after it) is unreachable due to an earlier Wait(forever) and/or End
Reusing cached encoding of .\origrom\1CC03A.dcs
Reusing cached encoding of .\origrom\1B7262.dcs
nbanew.prg(5219): warning: This statement (and everything after it) is unreachable due to an earlier Wait(forever) and/or End
Encoding .\origrom\3BD258.dcs : OK, 97 DCS frames, 1716 bytes in ROM (27.1:1 compression, 18428 avg bps)
Encoding .\origrom\3BD90E.dcs : OK, 68 DCS frames, 1471 bytes in ROM (22.2:1 compression, 22534 avg bps)
nbanew.prg(5225): warning: This statement (and everything after it) is unreachable due to an earlier Wait(forever) and/or End
Reusing cached encoding of .\origrom\3BD90E.dcs
nbanew.prg(5230): warning: This statement (and everything after it) is unreachable due to an earlier Wait(forever) and/or End
Reusing cached encoding of .\origrom\3BD90E.dcs
nbanew.prg(5235): warning: This statement (and everything after it) is unreachable due to an earlier Wait(forever) and/or End
Reusing cached encoding of .\origrom\1CC03A.dcs
Reusing cached encoding of .\origrom\3BD90E.dcs
nbanew.prg(5241): warning: This statement (and everything after it) is unreachable due to an earlier Wait(forever) and/or End
Encoding .\origrom\2C56D8.dcs : OK, 121 DCS frames, 3375 bytes in ROM (17.2:1 compression, 29055 avg bps)
Encoding .\origrom\2C640A.dcs : OK, 103 DCS frames, 1911 bytes in ROM (25.9:1 compression, 19326 avg bps)
nbanew.prg(5247): warning: This statement (and everything after it) is unreachable due to an earlier Wait(forever) and/or End
Reusing cached encoding of .\origrom\2C640A.dcs
nbanew.prg(5252): warning: This statement (and everything after it) is unreachable due to an earlier Wait(forever) and/or End
Reusing cached encoding of .\origrom\2C640A.dcs
nbanew.prg(5257): warning: This statement (and everything after it) is unreachable due to an earlier Wait(forever) and/or End
Reusing cached encoding of .\origrom\1CC03A.dcs
Reusing cached encoding of .\origrom\2C640A.dcs
nbanew.prg(5263): warning: This statement (and everything after it) is unreachable due to an earlier Wait(forever) and/or End
Encoding .\origrom\3BE4DE.dcs : OK, 89 DCS frames, 2020 bytes in ROM (21.1:1 compression, 23642 avg bps)
Encoding .\origrom\1B78F8.dcs : OK, 79 DCS frames, 1405 bytes in ROM (27.0:1 compression, 18526 avg bps)
nbanew.prg(5269): warning: This statement (and everything after it) is unreachable due to an earlier Wait(forever) and/or End
Reusing cached encoding of .\origrom\1B78F8.dcs
nbanew.prg(5274): warning: This statement (and everything after it) is unreachable due to an earlier Wait(forever) and/or End
Reusing cached encoding of .\origrom\1B78F8.dcs
nbanew.prg(5279): warning: This statement (and everything after it) is unreachable due to an earlier Wait(forever) and/or End
Reusing cached encoding of .\origrom\1CC03A.dcs
Reusing cached encoding of .\origrom\1B78F8.dcs
nbanew.prg(5285): warning: This statement (and everything after it) is unreachable due to an earlier Wait(forever) and/or End
Encoding .\origrom\1B7E78.dcs : OK, 72 DCS frames, 1492 bytes in ROM (23.2:1 compression, 21586 avg bps)
Encoding .\origrom\2C6B82.dcs : OK, 102 DCS frames, 2764 bytes in ROM (17.7:1 compression, 28227 avg bps)
nbanew.prg(5291): warning: This statement (and everything after it) is unreachable due to an earlier Wait(forever) and/or End
Reusing cached encoding of .\origrom\2C6B82.dcs
nbanew.prg(5296): warning: This statement (and everything after it) is unreachable due to an earlier Wait(forever) and/or End
Reusing cached encoding of .\origrom\2C6B82.dcs
nbanew.prg(5301): warning: This statement (and everything after it) is unreachable due to an earlier Wait(forever) and/or End
Reusing cached encoding of .\origrom\1CC03A.dcs
Reusing cached encoding of .\origrom\2C6B82.dcs
nbanew.prg(5307): warning: This statement (and everything after it) is unreachable due to an earlier Wait(forever) and/or End
Reusing cached encoding of .\origrom\1B8450.dcs
Encoding .\origrom\3BECC4.dcs : OK, 96 DCS frames, 2307 bytes in ROM (20.0:1 compression, 25033 avg bps)
nbanew.prg(5313): warning: This statement (and everything after it) is unreachable due to an earlier Wait(forever) and/or End
Reusing cached encoding of .\origrom\3BECC4.dcs
nbanew.prg(5318): warning: This statement (and everything after it) is unreachable due to an earlier Wait(forever) and/or End
Reusing cached encoding of .\origrom\3BECC4.dcs
nbanew.prg(5323): warning: This statement (and everything after it) is unreachable due to an earlier Wait(forever) and/or End
Reusing cached encoding of .\origrom\1CC03A.dcs
Reusing cached encoding of .\origrom\3BECC4.dcs
nbanew.prg(5329): warning: This statement (and everything after it) is unreachable due to an earlier Wait(forever) and/or End
Reusing cached encoding of .\origrom\3CC0A4.dcs
Encoding .\origrom\3BF5CA.dcs : OK, 79 DCS frames, 2196 bytes in ROM (17.3:1 compression, 28956 avg bps)
nbanew.prg(5335): warning: This statement (and everything after it) is unreachable due to an earlier Wait(forever) and/or End
Reusing cached encoding of .\origrom\3BF5CA.dcs
nbanew.prg(5340): warning: This statement (and everything after it) is unreachable due to an earlier Wait(forever) and/or End
Reusing cached encoding of .\origrom\3BF5CA.dcs
nbanew.prg(5345): warning: This statement (and everything after it) is unreachable due to an earlier Wait(forever) and/or End
Reusing cached encoding of .\origrom\1CC03A.dcs
Reusing cached encoding of .\origrom\3BF5CA.dcs
nbanew.prg(5351): warning: This statement (and everything after it) is unreachable due to an earlier Wait(forever) and/or End
Reusing cached encoding of .\origrom\2C4ED6.dcs
Encoding .\origrom\3BFE60.dcs : OK, 103 DCS frames, 2287 bytes in ROM (21.6:1 compression, 23129 avg bps)
nbanew.prg(5357): warning: This statement (and everything after it) is unreachable due to an earlier Wait(forever) and/or End
Reusing cached encoding of .\origrom\3BFE60.dcs
nbanew.prg(5362): warning: This statement (and everything after it) is unreachable due to an earlier Wait(forever) and/or End
Reusing cached encoding of .\origrom\3BFE60.dcs
nbanew.prg(5367): warning: This statement (and everything after it) is unreachable due to an earlier Wait(forever) and/or End
Reusing cached encoding of .\origrom\1CC03A.dcs
Reusing cached encoding of .\origrom\3BFE60.dcs
nbanew.prg(5373): warning: This statement (and everything after it) is unreachable due to an earlier Wait(forever) and/or End
Encoding .\origrom\1B8A18.dcs : OK, 57 DCS frames, 1350 bytes in ROM (20.3:1 compression, 24671 avg bps)
Encoding .\origrom\1B8F64.dcs : OK, 71 DCS frames, 1801 bytes in ROM (18.9:1 compression, 26423 avg bps)
nbanew.prg(5379): warning: This statement (and everything after it) is unreachable due to an earlier Wait(forever) and/or End
Reusing cached encoding of .\origrom\1B8F64.dcs
nbanew.prg(5384): warning: This statement (and everything after it) is unreachable due to an earlier Wait(forever) and/or End
Reusing cached encoding of .\origrom\1B8F64.dcs
nbanew.prg(5389): warning: This statement (and everything after it) is unreachable due to an earlier Wait(forever) and/or End
Reusing cached encoding of .\origrom\1CC03A.dcs
Reusing cached encoding of .\origrom\1B8F64.dcs
nbanew.prg(5395): warning: This statement (and everything after it) is unreachable due to an earlier Wait(forever) and/or End
Encoding .\origrom\3C0752.dcs : OK, 62 DCS frames, 1576 bytes in ROM (18.9:1 compression, 26478 avg bps)
Encoding .\origrom\2C7650.dcs : OK, 84 DCS frames, 2002 bytes in ROM (20.1:1 compression, 24826 avg bps)
nbanew.prg(5401): warning: This statement (and everything after it) is unreachable due to an earlier Wait(forever) and/or End
Reusing cached encoding of .\origrom\2C7650.dcs
nbanew.prg(5406): warning: This statement (and everything after it) is unreachable due to an earlier Wait(forever) and/or End
Reusing cached encoding of .\origrom\2C7650.dcs
nbanew.prg(5411): warning: This statement (and everything after it) is unreachable due to an earlier Wait(forever) and/or End
Reusing cached encoding of .\origrom\1CC03A.dcs
Reusing cached encoding of .\origrom\2C7650.dcs
nbanew.prg(5417): warning: This statement (and everything after it) is unreachable due to an earlier Wait(forever) and/or End
Reusing cached encoding of .\origrom\1B8450.dcs
Encoding .\origrom\1B9670.dcs : OK, 68 DCS frames, 1373 bytes in ROM (23.8:1 compression, 21032 avg bps)
nbanew.prg(5423): warning: This statement (and everything after it) is unreachable due to an earlier Wait(forever) and/or End
Reusing cached encoding of .\origrom\1B9670.dcs
nbanew.prg(5428): warning: This statement (and everything after it) is unreachable due to an earlier Wait(forever) and/or End
Reusing cached encoding of .\origrom\1B9670.dcs
nbanew.prg(5433): warning: This statement (and everything after it) is unreachable due to an earlier Wait(forever) and/or End
Reusing cached encoding of .\origrom\1CC03A.dcs
Reusing cached encoding of .\origrom\1B9670.dcs
nbanew.prg(5439): warning: This statement (and everything after it) is unreachable due to an earlier Wait(forever) and/or End
Encoding .\origrom\2C7E24.dcs : OK, 96 DCS frames, 2190 bytes in ROM (21.0:1 compression, 23763 avg bps)
Encoding .\origrom\1B9BCE.dcs : OK, 100 DCS frames, 2588 bytes in ROM (18.5:1 compression, 26958 avg bps)
nbanew.prg(5445): warning: This statement (and everything after it) is unreachable due to an earlier Wait(forever) and/or End
Reusing cached encoding of .\origrom\1B9BCE.dcs
nbanew.prg(5450): warning: This statement (and everything after it) is unreachable due to an earlier Wait(forever) and/or End
Encoding .\origrom\3C0D7C.dcs : OK, 80 DCS frames, 1905 bytes in ROM (20.2:1 compression, 24805 avg bps)
nbanew.prg(5455): warning: This statement (and everything after it) is unreachable due to an earlier Wait(forever) and/or End
Reusing cached encoding of .\origrom\1CC03A.dcs
Reusing cached encoding of .\origrom\3C0D7C.dcs
nbanew.prg(5461): warning: This statement (and everything after it) is unreachable due to an earlier Wait(forever) and/or End
Encoding .\origrom\3CBA74.dcs : OK, 72 DCS frames, 1582 bytes in ROM (21.8:1 compression, 22888 avg bps)
Encoding .\origrom\1BA5EE.dcs : OK, 121 DCS frames, 2256 bytes in ROM (25.7:1 compression, 19421 avg bps)
nbanew.prg(5467): warning: This statement (and everything after it) is unreachable due to an earlier Wait(forever) and/or End
Reusing cached encoding of .\origrom\1BA5EE.dcs
nbanew.prg(5472): warning: This statement (and everything after it) is unreachable due to an earlier Wait(forever) and/or End
Reusing cached encoding of .\origrom\1BA5EE.dcs
nbanew.prg(5477): warning: This statement (and everything after it) is unreachable due to an earlier Wait(forever) and/or End
Reusing cached encoding of .\origrom\1CC03A.dcs
Reusing cached encoding of .\origrom\1BA5EE.dcs
nbanew.prg(5483): warning: This statement (and everything after it) is unreachable due to an earlier Wait(forever) and/or End
Reusing cached encoding of .\origrom\1BAEC0.dcs
Encoding .\origrom\1BB5C2.dcs : OK, 87 DCS frames, 1390 bytes in ROM (30.0:1 compression, 16643 avg bps)
nbanew.prg(5489): warning: This statement (and everything after it) is unreachable due to an earlier Wait(forever) and/or End
Reusing cached encoding of .\origrom\1BB5C2.dcs
nbanew.prg(5494): warning: This statement (and everything after it) is unreachable due to an earlier Wait(forever) and/or End
Reusing cached encoding of .\origrom\1BB5C2.dcs
nbanew.prg(5499): warning: This statement (and everything after it) is unreachable due to an earlier Wait(forever) and/or End
Reusing cached encoding of .\origrom\1CC03A.dcs
Reusing cached encoding of .\origrom\1BB5C2.dcs
nbanew.prg(5505): warning: This statement (and everything after it) is unreachable due to an earlier Wait(forever) and/or End
Encoding .\origrom\2C86B4.dcs : OK, 109 DCS frames, 2458 bytes in ROM (21.3:1 compression, 23490 avg bps)
Encoding .\origrom\3C14F0.dcs : OK, 84 DCS frames, 1704 bytes in ROM (23.7:1 compression, 21131 avg bps)
nbanew.prg(5511): warning: This statement (and everything after it) is unreachable due to an earlier Wait(forever) and/or End
Reusing cached encoding of .\origrom\3C14F0.dcs
nbanew.prg(5516): warning: This statement (and everything after it) is unreachable due to an earlier Wait(forever) and/or End
Reusing cached encoding of .\origrom\3C14F0.dcs
nbanew.prg(5521): warning: This statement (and everything after it) is unreachable due to an earlier Wait(forever) and/or End
Reusing cached encoding of .\origrom\1CC03A.dcs
Reusing cached encoding of .\origrom\3C14F0.dcs
nbanew.prg(5527): warning: This statement (and everything after it) is unreachable due to an earlier Wait(forever) and/or End
Encoding .\origrom\3C1B9A.dcs : OK, 83 DCS frames, 2179 bytes in ROM (18.3:1 compression, 27347 avg bps)
Encoding .\origrom\1BBB32.dcs : OK, 84 DCS frames, 1807 bytes in ROM (22.3:1 compression, 22408 avg bps)
nbanew.prg(5533): warning: This statement (and everything after it) is unreachable due to an earlier Wait(forever) and/or End
Reusing cached encoding of .\origrom\1BBB32.dcs
nbanew.prg(5538): warning: This statement (and everything after it) is unreachable due to an earlier Wait(forever) and/or End
Reusing cached encoding of .\origrom\1BBB32.dcs
nbanew.prg(5543): warning: This statement (and everything after it) is unreachable due to an earlier Wait(forever) and/or End
Reusing cached encoding of .\origrom\1CC03A.dcs
Reusing cached encoding of .\origrom\1BBB32.dcs
nbanew.prg(5549): warning: This statement (and everything after it) is unreachable due to an earlier Wait(forever) and/or End
Encoding .\origrom\2C9050.dcs : OK, 116 DCS frames, 2984 bytes in ROM (18.7:1 compression, 26796 avg bps)
Reusing cached encoding of .\origrom\3C2420.dcs
nbanew.prg(5555): warning: This statement (and everything after it) is unreachable due to an earlier Wait(forever) and/or End
Reusing cached encoding of .\origrom\3C2420.dcs
nbanew.prg(5560): warning: This statement (and everything after it) is unreachable due to an earlier Wait(forever) and/or End
Reusing cached encoding of .\origrom\3C2420.dcs
nbanew.prg(5565): warning: This statement (and everything after it) is unreachable due to an earlier Wait(forever) and/or End
Reusing cached encoding of .\origrom\1CC03A.dcs
Reusing cached encoding of .\origrom\3C2420.dcs
nbanew.prg(5571): warning: This statement (and everything after it) is unreachable due to an earlier Wait(forever) and/or End
Encoding .\origrom\1BC9B4.dcs : OK, 100 DCS frames, 2391 bytes in ROM (20.1:1 compression, 24906 avg bps)
Encoding .\origrom\2C9BFA.dcs : OK, 80 DCS frames, 1723 bytes in ROM (22.3:1 compression, 22435 avg bps)
nbanew.prg(5577): warning: This statement (and everything after it) is unreachable due to an earlier Wait(forever) and/or End
Reusing cached encoding of .\origrom\2C9BFA.dcs
nbanew.prg(5582): warning: This statement (and everything after it) is unreachable due to an earlier Wait(forever) and/or End
Reusing cached encoding of .\origrom\2C9BFA.dcs
nbanew.prg(5587): warning: This statement (and everything after it) is unreachable due to an earlier Wait(forever) and/or End
Reusing cached encoding of .\origrom\1CC03A.dcs
Reusing cached encoding of .\origrom\2C9BFA.dcs
nbanew.prg(5593): warning: This statement (and everything after it) is unreachable due to an earlier Wait(forever) and/or End
Reusing cached encoding of .\origrom\1BD30E.dcs
Reusing cached encoding of .\origrom\3BF5CA.dcs
nbanew.prg(5599): warning: This statement (and everything after it) is unreachable due to an earlier Wait(forever) and/or End
Reusing cached encoding of .\origrom\3BF5CA.dcs
nbanew.prg(5604): warning: This statement (and everything after it) is unreachable due to an earlier Wait(forever) and/or End
Reusing cached encoding of .\origrom\3BF5CA.dcs
nbanew.prg(5609): warning: This statement (and everything after it) is unreachable due to an earlier Wait(forever) and/or End
Reusing cached encoding of .\origrom\1CC03A.dcs
Reusing cached encoding of .\origrom\3BF5CA.dcs
nbanew.prg(5615): warning: This statement (and everything after it) is unreachable due to an earlier Wait(forever) and/or End
Reusing cached encoding of .\origrom\1A8D5E.dcs
Encoding .\origrom\1BD7E0.dcs : OK, 84 DCS frames, 1753 bytes in ROM (23.0:1 compression, 21739 avg bps)
nbanew.prg(5621): warning: This statement (and everything after it) is unreachable due to an earlier Wait(forever) and/or End
Reusing cached encoding of .\origrom\1BD7E0.dcs
nbanew.prg(5626): warning: This statement (and everything after it) is unreachable due to an earlier Wait(forever) and/or End
Reusing cached encoding of .\origrom\1BD7E0.dcs
nbanew.prg(5631): warning: This statement (and everything after it) is unreachable due to an earlier Wait(forever) and/or End
Reusing cached encoding of .\origrom\1CC03A.dcs
Reusing cached encoding of .\origrom\1BD7E0.dcs
nbanew.prg(5637): warning: This statement (and everything after it) is unreachable due to an earlier Wait(forever) and/or End
Reusing cached encoding of .\origrom\3C1B9A.dcs
Encoding .\origrom\1BC244.dcs : OK, 87 DCS frames, 1901 bytes in ROM (22.0:1 compression, 22761 avg bps)
nbanew.prg(5643): warning: This statement (and everything after it) is unreachable due to an earlier Wait(forever) and/or End
Reusing cached encoding of .\origrom\1BC244.dcs
nbanew.prg(5648): warning: This statement (and everything after it) is unreachable due to an earlier Wait(forever) and/or End
Reusing cached encoding of .\origrom\1BC244.dcs
nbanew.prg(5653): warning: This statement (and everything after it) is unreachable due to an earlier Wait(forever) and/or End
Reusing cached encoding of .\origrom\1CC03A.dcs
Reusing cached encoding of .\origrom\1BC244.dcs
nbanew.prg(5659): warning: This statement (and everything after it) is unreachable due to an earlier Wait(forever) and/or End
Encoding .\origrom\3C3564.dcs : OK, 87 DCS frames, 2619 bytes in ROM (15.9:1 compression, 31358 avg bps)
Encoding .\origrom\2CAD54.dcs : OK, 141 DCS frames, 3281 bytes in ROM (20.6:1 compression, 24239 avg bps)
nbanew.prg(5665): warning: This statement (and everything after it) is unreachable due to an earlier Wait(forever) and/or End
Reusing cached encoding of .\origrom\2CAD54.dcs
nbanew.prg(5670): warning: This statement (and everything after it) is unreachable due to an earlier Wait(forever) and/or End
Reusing cached encoding of .\origrom\2CAD54.dcs
nbanew.prg(5675): warning: This statement (and everything after it) is unreachable due to an earlier Wait(forever) and/or End
Reusing cached encoding of .\origrom\1CC03A.dcs
Reusing cached encoding of .\origrom\2CAD54.dcs
nbanew.prg(5681): warning: This statement (and everything after it) is unreachable due to an earlier Wait(forever) and/or End
Reusing cached encoding of .\origrom\1BAEC0.dcs
Encoding .\origrom\3C2DFC.dcs : OK, 88 DCS frames, 1893 bytes in ROM (22.3:1 compression, 22408 avg bps)
nbanew.prg(5687): warning: This statement (and everything after it) is unreachable due to an earlier Wait(forever) and/or End
Reusing cached encoding of .\origrom\3C2DFC.dcs
nbanew.prg(5692): warning: This statement (and everything after it) is unreachable due to an earlier Wait(forever) and/or End
Reusing cached encoding of .\origrom\3C2DFC.dcs
nbanew.prg(5697): warning: This statement (and everything after it) is unreachable due to an earlier Wait(forever) and/or End
Reusing cached encoding of .\origrom\1CC03A.dcs
Reusing cached encoding of .\origrom\3C2DFC.dcs
nbanew.prg(5703): warning: This statement (and everything after it) is unreachable due to an earlier Wait(forever) and/or End
Encoding .\origrom\2CA2B8.dcs : OK, 111 DCS frames, 2712 bytes in ROM (19.6:1 compression, 25450 avg bps)
Encoding .\origrom\1BDEBC.dcs : OK, 157 DCS frames, 2880 bytes in ROM (26.2:1 compression, 19108 avg bps)
nbanew.prg(5709): warning: This statement (and everything after it) is unreachable due to an earlier Wait(forever) and/or End
Reusing cached encoding of .\origrom\1BDEBC.dcs
nbanew.prg(5714): warning: This statement (and everything after it) is unreachable due to an earlier Wait(forever) and/or End
Reusing cached encoding of .\origrom\1BDEBC.dcs
nbanew.prg(5719): warning: This statement (and everything after it) is unreachable due to an earlier Wait(forever) and/or End
Reusing cached encoding of .\origrom\1CC03A.dcs
Reusing cached encoding of .\origrom\1BDEBC.dcs
nbanew.prg(5725): warning: This statement (and everything after it) is unreachable due to an earlier Wait(forever) and/or End
Encoding .\origrom\1BE9FE.dcs : OK, 83 DCS frames, 1759 bytes in ROM (22.6:1 compression, 22076 avg bps)
Encoding .\origrom\1BF0E0.dcs : OK, 132 DCS frames, 3026 bytes in ROM (20.9:1 compression, 23879 avg bps)
nbanew.prg(5731): warning: This statement (and everything after it) is unreachable due to an earlier Wait(forever) and/or End
Reusing cached encoding of .\origrom\1BF0E0.dcs
nbanew.prg(5736): warning: This statement (and everything after it) is unreachable due to an earlier Wait(forever) and/or End
Reusing cached encoding of .\origrom\1BF0E0.dcs
nbanew.prg(5741): warning: This statement (and everything after it) is unreachable due to an earlier Wait(forever) and/or End
Reusing cached encoding of .\origrom\1CC03A.dcs
Reusing cached encoding of .\origrom\1BF0E0.dcs
nbanew.prg(5747): warning: This statement (and everything after it) is unreachable due to an earlier Wait(forever) and/or End
Reusing cached encoding of .\origrom\1B8450.dcs
Reusing cached encoding of .\origrom\3AA4F0.dcs
nbanew.prg(5753): warning: This statement (and everything after it) is unreachable due to an earlier Wait(forever) and/or End
Reusing cached encoding of .\origrom\3AA4F0.dcs
nbanew.prg(5758): warning: This statement (and everything after it) is unreachable due to an earlier Wait(forever) and/or End
Reusing cached encoding of .\origrom\3AA4F0.dcs
nbanew.prg(5763): warning: This statement (and everything after it) is unreachable due to an earlier Wait(forever) and/or End
Reusing cached encoding of .\origrom\1CC03A.dcs
Reusing cached encoding of .\origrom\3AA4F0.dcs
nbanew.prg(5769): warning: This statement (and everything after it) is unreachable due to an earlier Wait(forever) and/or End
Encoding .\origrom\2CBA28.dcs : OK, 119 DCS frames, 2174 bytes in ROM (26.3:1 compression, 19030 avg bps)
Encoding .\origrom\2CC2A8.dcs : OK, 122 DCS frames, 3058 bytes in ROM (19.1:1 compression, 26110 avg bps)
nbanew.prg(5775): warning: This statement (and everything after it) is unreachable due to an earlier Wait(forever) and/or End
Reusing cached encoding of .\origrom\2CC2A8.dcs
nbanew.prg(5780): warning: This statement (and everything after it) is unreachable due to an earlier Wait(forever) and/or End
Reusing cached encoding of .\origrom\2CC2A8.dcs
nbanew.prg(5785): warning: This statement (and everything after it) is unreachable due to an earlier Wait(forever) and/or End
Reusing cached encoding of .\origrom\1CC03A.dcs
Reusing cached encoding of .\origrom\2CC2A8.dcs
nbanew.prg(5791): warning: This statement (and everything after it) is unreachable due to an earlier Wait(forever) and/or End
Reusing cached encoding of .\origrom\1BFCB4.dcs
Encoding .\origrom\3C3FA2.dcs : OK, 67 DCS frames, 1433 bytes in ROM (22.4:1 compression, 22279 avg bps)
nbanew.prg(5797): warning: This statement (and everything after it) is unreachable due to an earlier Wait(forever) and/or End
Reusing cached encoding of .\origrom\3C3FA2.dcs
nbanew.prg(5802): warning: This statement (and everything after it) is unreachable due to an earlier Wait(forever) and/or End
Reusing cached encoding of .\origrom\3C3FA2.dcs
nbanew.prg(5807): warning: This statement (and everything after it) is unreachable due to an earlier Wait(forever) and/or End
Reusing cached encoding of .\origrom\1CC03A.dcs
Reusing cached encoding of .\origrom\3C3FA2.dcs
nbanew.prg(5813): warning: This statement (and everything after it) is unreachable due to an earlier Wait(forever) and/or End
Encoding .\origrom\3C453C.dcs : OK, 99 DCS frames, 2475 bytes in ROM (19.2:1 compression, 26042 avg bps)
Encoding .\origrom\3C4EEA.dcs : OK, 84 DCS frames, 1812 bytes in ROM (22.3:1 compression, 22470 avg bps)
nbanew.prg(5819): warning: This statement (and everything after it) is unreachable due to an earlier Wait(forever) and/or End
Reusing cached encoding of .\origrom\3C4EEA.dcs
nbanew.prg(5824): warning: This statement (and everything after it) is unreachable due to an earlier Wait(forever) and/or End
Reusing cached encoding of .\origrom\3C4EEA.dcs
nbanew.prg(5829): warning: This statement (and everything after it) is unreachable due to an earlier Wait(forever) and/or End
Reusing cached encoding of .\origrom\1CC03A.dcs
Reusing cached encoding of .\origrom\3C4EEA.dcs
nbanew.prg(5835): warning: This statement (and everything after it) is unreachable due to an earlier Wait(forever) and/or End
Encoding .\origrom\1C086A.dcs : OK, 127 DCS frames, 2516 bytes in ROM (24.2:1 compression, 20636 avg bps)
Encoding .\origrom\2CCE9C.dcs : OK, 99 DCS frames, 2433 bytes in ROM (19.5:1 compression, 25600 avg bps)
nbanew.prg(5841): warning: This statement (and everything after it) is unreachable due to an earlier Wait(forever) and/or End
Reusing cached encoding of .\origrom\2CCE9C.dcs
nbanew.prg(5846): warning: This statement (and everything after it) is unreachable due to an earlier Wait(forever) and/or End
Reusing cached encoding of .\origrom\2CCE9C.dcs
nbanew.prg(5851): warning: This statement (and everything after it) is unreachable due to an earlier Wait(forever) and/or End
Reusing cached encoding of .\origrom\1CC03A.dcs
Reusing cached encoding of .\origrom\2CCE9C.dcs
nbanew.prg(5857): warning: This statement (and everything after it) is unreachable due to an earlier Wait(forever) and/or End
Encoding .\origrom\1C1242.dcs : OK, 85 DCS frames, 1898 bytes in ROM (21.5:1 compression, 23260 avg bps)
Encoding .\origrom\1C19B2.dcs : OK, 99 DCS frames, 1422 bytes in ROM (33.4:1 compression, 14962 avg bps)
nbanew.prg(5863): warning: This statement (and everything after it) is unreachable due to an earlier Wait(forever) and/or End
Reusing cached encoding of .\origrom\1C19B2.dcs
nbanew.prg(5868): warning: This statement (and everything after it) is unreachable due to an earlier Wait(forever) and/or End
Reusing cached encoding of .\origrom\1C19B2.dcs
nbanew.prg(5873): warning: This statement (and everything after it) is unreachable due to an earlier Wait(forever) and/or End
Reusing cached encoding of .\origrom\1CC03A.dcs
Reusing cached encoding of .\origrom\1C19B2.dcs
nbanew.prg(5879): warning: This statement (and everything after it) is unreachable due to an earlier Wait(forever) and/or End
Encoding .\origrom\1C1F42.dcs : OK, 79 DCS frames, 1119 bytes in ROM (33.9:1 compression, 14755 avg bps)
Reusing cached encoding of .\origrom\3BC0D8.dcs
nbanew.prg(5885): warning: This statement (and everything after it) is unreachable due to an earlier Wait(forever) and/or End
Reusing cached encoding of .\origrom\3BC0D8.dcs
nbanew.prg(5890): warning: This statement (and everything after it) is unreachable due to an earlier Wait(forever) and/or End
Reusing cached encoding of .\origrom\3BC0D8.dcs
nbanew.prg(5895): warning: This statement (and everything after it) is unreachable due to an earlier Wait(forever) and/or End
Reusing cached encoding of .\origrom\1CC03A.dcs
Reusing cached encoding of .\origrom\3BC0D8.dcs
nbanew.prg(5901): warning: This statement (and everything after it) is unreachable due to an earlier Wait(forever) and/or End
Encoding .\origrom\2CD81E.dcs : OK, 125 DCS frames, 2905 bytes in ROM (20.7:1 compression, 24208 avg bps)
Encoding .\origrom\2CE37A.dcs : OK, 95 DCS frames, 1882 bytes in ROM (24.2:1 compression, 20636 avg bps)
nbanew.prg(5907): warning: This statement (and everything after it) is unreachable due to an earlier Wait(forever) and/or End
Reusing cached encoding of .\origrom\2CE37A.dcs
nbanew.prg(5912): warning: This statement (and everything after it) is unreachable due to an earlier Wait(forever) and/or End
Reusing cached encoding of .\origrom\2CE37A.dcs
nbanew.prg(5917): warning: This statement (and everything after it) is unreachable due to an earlier Wait(forever) and/or End
Reusing cached encoding of .\origrom\1CC03A.dcs
Reusing cached encoding of .\origrom\2CE37A.dcs
nbanew.prg(5923): warning: This statement (and everything after it) is unreachable due to an earlier Wait(forever) and/or End
Encoding .\origrom\3C5600.dcs : OK, 89 DCS frames, 1492 bytes in ROM (28.6:1 compression, 17463 avg bps)
Encoding .\origrom\3C5BD6.dcs : OK, 85 DCS frames, 1853 bytes in ROM (22.0:1 compression, 22708 avg bps)
nbanew.prg(5929): warning: This statement (and everything after it) is unreachable due to an earlier Wait(forever) and/or End
Reusing cached encoding of .\origrom\3C5BD6.dcs
nbanew.prg(5934): warning: This statement (and everything after it) is unreachable due to an earlier Wait(forever) and/or End
Reusing cached encoding of .\origrom\3C5BD6.dcs
nbanew.prg(5939): warning: This statement (and everything after it) is unreachable due to an earlier Wait(forever) and/or End
Reusing cached encoding of .\origrom\1CC03A.dcs
Reusing cached encoding of .\origrom\3C5BD6.dcs
nbanew.prg(5945): warning: This statement (and everything after it) is unreachable due to an earlier Wait(forever) and/or End
Encoding .\origrom\2CEAD8.dcs : OK, 90 DCS frames, 1909 bytes in ROM (22.6:1 compression, 22095 avg bps)
Encoding .\origrom\3C6316.dcs : OK, 91 DCS frames, 2002 bytes in ROM (21.8:1 compression, 22917 avg bps)
nbanew.prg(5951): warning: This statement (and everything after it) is unreachable due to an earlier Wait(forever) and/or End
Reusing cached encoding of .\origrom\3C6316.dcs
nbanew.prg(5956): warning: This statement (and everything after it) is unreachable due to an earlier Wait(forever) and/or End
Reusing cached encoding of .\origrom\3C6316.dcs
nbanew.prg(5961): warning: This statement (and everything after it) is unreachable due to an earlier Wait(forever) and/or End
Reusing cached encoding of .\origrom\1CC03A.dcs
Reusing cached encoding of .\origrom\3C6316.dcs
nbanew.prg(5967): warning: This statement (and everything after it) is unreachable due to an earlier Wait(forever) and/or End
Encoding .\origrom\1C23A4.dcs : OK, 100 DCS frames, 2144 bytes in ROM (22.4:1 compression, 22333 avg bps)
Reusing cached encoding of .\origrom\3C5BD6.dcs
nbanew.prg(5973): warning: This statement (and everything after it) is unreachable due to an earlier Wait(forever) and/or End
Reusing cached encoding of .\origrom\3C5BD6.dcs
nbanew.prg(5978): warning: This statement (and everything after it) is unreachable due to an earlier Wait(forever) and/or End
Reusing cached encoding of .\origrom\3C5BD6.dcs
nbanew.prg(5983): warning: This statement (and everything after it) is unreachable due to an earlier Wait(forever) and/or End
Reusing cached encoding of .\origrom\1CC03A.dcs
Reusing cached encoding of .\origrom\3C5BD6.dcs
nbanew.prg(5989): warning: This statement (and everything after it) is unreachable due to an earlier Wait(forever) and/or End
Encoding .\origrom\1C2C06.dcs : OK, 98 DCS frames, 1789 bytes in ROM (26.3:1 compression, 19016 avg bps)
Encoding .\origrom\1C3306.dcs : OK, 98 DCS frames, 1828 bytes in ROM (25.7:1 compression, 19430 avg bps)
nbanew.prg(5995): warning: This statement (and everything after it) is unreachable due to an earlier Wait(forever) and/or End
Reusing cached encoding of .\origrom\1C3306.dcs
nbanew.prg(6000): warning: This statement (and everything after it) is unreachable due to an earlier Wait(forever) and/or End
Reusing cached encoding of .\origrom\1C3306.dcs
nbanew.prg(6005): warning: This statement (and everything after it) is unreachable due to an earlier Wait(forever) and/or End
Reusing cached encoding of .\origrom\1CC03A.dcs
Reusing cached encoding of .\origrom\1C3306.dcs
nbanew.prg(6011): warning: This statement (and everything after it) is unreachable due to an earlier Wait(forever) and/or End
Encoding .\origrom\2CF250.dcs : OK, 123 DCS frames, 2759 bytes in ROM (21.4:1 compression, 23366 avg bps)
Reusing cached encoding of .\origrom\2C9BFA.dcs
nbanew.prg(6017): warning: This statement (and everything after it) is unreachable due to an earlier Wait(forever) and/or End
Reusing cached encoding of .\origrom\2C9BFA.dcs
nbanew.prg(6022): warning: This statement (and everything after it) is unreachable due to an earlier Wait(forever) and/or End
Reusing cached encoding of .\origrom\2C9BFA.dcs
nbanew.prg(6027): warning: This statement (and everything after it) is unreachable due to an earlier Wait(forever) and/or End
Reusing cached encoding of .\origrom\1CC03A.dcs
Reusing cached encoding of .\origrom\2C9BFA.dcs
nbanew.prg(6033): warning: This statement (and everything after it) is unreachable due to an earlier Wait(forever) and/or End
Encoding .\origrom\1C3A2C.dcs : OK, 122 DCS frames, 2945 bytes in ROM (19.9:1 compression, 25145 avg bps)
Encoding .\origrom\3C6AEA.dcs : OK, 115 DCS frames, 2900 bytes in ROM (19.0:1 compression, 26268 avg bps)
nbanew.prg(6039): warning: This statement (and everything after it) is unreachable due to an earlier Wait(forever) and/or End
Reusing cached encoding of .\origrom\3C6AEA.dcs
nbanew.prg(6044): warning: This statement (and everything after it) is unreachable due to an earlier Wait(forever) and/or End
Reusing cached encoding of .\origrom\3C6AEA.dcs
nbanew.prg(6049): warning: This statement (and everything after it) is unreachable due to an earlier Wait(forever) and/or End
Reusing cached encoding of .\origrom\1CC03A.dcs
Reusing cached encoding of .\origrom\3C6AEA.dcs
nbanew.prg(6055): warning: This statement (and everything after it) is unreachable due to an earlier Wait(forever) and/or End
Encoding .\origrom\3C7642.dcs : OK, 54 DCS frames, 1579 bytes in ROM (16.4:1 compression, 30459 avg bps)
Encoding .\origrom\1C45B0.dcs : OK, 64 DCS frames, 1299 bytes in ROM (23.6:1 compression, 21143 avg bps)
nbanew.prg(6061): warning: This statement (and everything after it) is unreachable due to an earlier Wait(forever) and/or End
Reusing cached encoding of .\origrom\1C45B0.dcs
nbanew.prg(6066): warning: This statement (and everything after it) is unreachable due to an earlier Wait(forever) and/or End
Reusing cached encoding of .\origrom\1C45B0.dcs
nbanew.prg(6071): warning: This statement (and everything after it) is unreachable due to an earlier Wait(forever) and/or End
Reusing cached encoding of .\origrom\1CC03A.dcs
Reusing cached encoding of .\origrom\1C45B0.dcs
nbanew.prg(6077): warning: This statement (and everything after it) is unreachable due to an earlier Wait(forever) and/or End
Reusing cached encoding of .\origrom\2C4ED6.dcs
Encoding .\origrom\3C7C70.dcs : OK, 75 DCS frames, 1702 bytes in ROM (21.2:1 compression, 23639 avg bps)
nbanew.prg(6083): warning: This statement (and everything after it) is unreachable due to an earlier Wait(forever) and/or End
Reusing cached encoding of .\origrom\3C7C70.dcs
nbanew.prg(6088): warning: This statement (and everything after it) is unreachable due to an earlier Wait(forever) and/or End
Reusing cached encoding of .\origrom\3C7C70.dcs
nbanew.prg(6093): warning: This statement (and everything after it) is unreachable due to an earlier Wait(forever) and/or End
Reusing cached encoding of .\origrom\1CC03A.dcs
Reusing cached encoding of .\origrom\3C7C70.dcs
nbanew.prg(6099): warning: This statement (and everything after it) is unreachable due to an earlier Wait(forever) and/or End
Encoding .\origrom\1C7592.dcs : OK, 74 DCS frames, 1527 bytes in ROM (23.3:1 compression, 21495 avg bps)
Reusing cached encoding of .\origrom\3BC0D8.dcs
nbanew.prg(6105): warning: This statement (and everything after it) is unreachable due to an earlier Wait(forever) and/or End
Reusing cached encoding of .\origrom\3BC0D8.dcs
nbanew.prg(6110): warning: This statement (and everything after it) is unreachable due to an earlier Wait(forever) and/or End
Reusing cached encoding of .\origrom\3BC0D8.dcs
nbanew.prg(6115): warning: This statement (and everything after it) is unreachable due to an earlier Wait(forever) and/or End
Reusing cached encoding of .\origrom\1CC03A.dcs
Reusing cached encoding of .\origrom\3BC0D8.dcs
nbanew.prg(6121): warning: This statement (and everything after it) is unreachable due to an earlier Wait(forever) and/or End
Encoding .\origrom\3C8318.dcs : OK, 84 DCS frames, 2134 bytes in ROM (18.9:1 compression, 26463 avg bps)
Reusing cached encoding of .\origrom\3AA4F0.dcs
nbanew.prg(6127): warning: This statement (and everything after it) is unreachable due to an earlier Wait(forever) and/or End
Reusing cached encoding of .\origrom\3AA4F0.dcs
nbanew.prg(6132): warning: This statement (and everything after it) is unreachable due to an earlier Wait(forever) and/or End
Reusing cached encoding of .\origrom\3AA4F0.dcs
nbanew.prg(6137): warning: This statement (and everything after it) is unreachable due to an earlier Wait(forever) and/or End
Reusing cached encoding of .\origrom\1CC03A.dcs
Reusing cached encoding of .\origrom\3AA4F0.dcs
nbanew.prg(6143): warning: This statement (and everything after it) is unreachable due to an earlier Wait(forever) and/or End
Encoding .\origrom\3C8B70.dcs : OK, 85 DCS frames, 1705 bytes in ROM (23.9:1 compression, 20895 avg bps)
Reusing cached encoding of .\origrom\3C4EEA.dcs
nbanew.prg(6149): warning: This statement (and everything after it) is unreachable due to an earlier Wait(forever) and/or End
Reusing cached encoding of .\origrom\3C4EEA.dcs
nbanew.prg(6154): warning: This statement (and everything after it) is unreachable due to an earlier Wait(forever) and/or End
Reusing cached encoding of .\origrom\3C4EEA.dcs
nbanew.prg(6159): warning: This statement (and everything after it) is unreachable due to an earlier Wait(forever) and/or End
Reusing cached encoding of .\origrom\1CC03A.dcs
Reusing cached encoding of .\origrom\3C4EEA.dcs
nbanew.prg(6165): warning: This statement (and everything after it) is unreachable due to an earlier Wait(forever) and/or End
Encoding .\origrom\2CFD16.dcs : OK, 87 DCS frames, 2026 bytes in ROM (20.6:1 compression, 24258 avg bps)
Encoding .\origrom\2D0502.dcs : OK, 107 DCS frames, 2320 bytes in ROM (22.1:1 compression, 22586 avg bps)
nbanew.prg(6171): warning: This statement (and everything after it) is unreachable due to an earlier Wait(forever) and/or End
Reusing cached encoding of .\origrom\2D0502.dcs
nbanew.prg(6176): warning: This statement (and everything after it) is unreachable due to an earlier Wait(forever) and/or End
Reusing cached encoding of .\origrom\2D0502.dcs
nbanew.prg(6181): warning: This statement (and everything after it) is unreachable due to an earlier Wait(forever) and/or End
Reusing cached encoding of .\origrom\1CC03A.dcs
Reusing cached encoding of .\origrom\2D0502.dcs
nbanew.prg(6187): warning: This statement (and everything after it) is unreachable due to an earlier Wait(forever) and/or End
Reusing cached encoding of .\origrom\2C4ED6.dcs
Encoding .\origrom\1C4AC6.dcs : OK, 65 DCS frames, 1427 bytes in ROM (21.9:1 compression, 22869 avg bps)
nbanew.prg(6193): warning: This statement (and everything after it) is unreachable due to an earlier Wait(forever) and/or End
Reusing cached encoding of .\origrom\1C4AC6.dcs
nbanew.prg(6198): warning: This statement (and everything after it) is unreachable due to an earlier Wait(forever) and/or End
Reusing cached encoding of .\origrom\1C4AC6.dcs
nbanew.prg(6203): warning: This statement (and everything after it) is unreachable due to an earlier Wait(forever) and/or End
Reusing cached encoding of .\origrom\1CC03A.dcs
Reusing cached encoding of .\origrom\1C4AC6.dcs
nbanew.prg(6209): warning: This statement (and everything after it) is unreachable due to an earlier Wait(forever) and/or End
Encoding .\origrom\1C601A.dcs : OK, 98 DCS frames, 2275 bytes in ROM (20.7:1 compression, 24182 avg bps)
Encoding .\origrom\1C6900.dcs : OK, 79 DCS frames, 1183 bytes in ROM (32.1:1 compression, 15599 avg bps)
nbanew.prg(6215): warning: This statement (and everything after it) is unreachable due to an earlier Wait(forever) and/or End
Reusing cached encoding of .\origrom\1C6900.dcs
nbanew.prg(6220): warning: This statement (and everything after it) is unreachable due to an earlier Wait(forever) and/or End
Reusing cached encoding of .\origrom\1C6900.dcs
nbanew.prg(6225): warning: This statement (and everything after it) is unreachable due to an earlier Wait(forever) and/or End
Reusing cached encoding of .\origrom\1CC03A.dcs
Reusing cached encoding of .\origrom\1C6900.dcs
nbanew.prg(6231): warning: This statement (and everything after it) is unreachable due to an earlier Wait(forever) and/or End
Encoding .\origrom\1C505C.dcs : OK, 59 DCS frames, 1258 bytes in ROM (22.5:1 compression, 22210 avg bps)
Encoding .\origrom\1C554A.dcs : OK, 75 DCS frames, 1373 bytes in ROM (26.2:1 compression, 19069 avg bps)
nbanew.prg(6237): warning: This statement (and everything after it) is unreachable due to an earlier Wait(forever) and/or End
Reusing cached encoding of .\origrom\1C554A.dcs
nbanew.prg(6242): warning: This statement (and everything after it) is unreachable due to an earlier Wait(forever) and/or End
Reusing cached encoding of .\origrom\1C554A.dcs
nbanew.prg(6247): warning: This statement (and everything after it) is unreachable due to an earlier Wait(forever) and/or End
Reusing cached encoding of .\origrom\1CC03A.dcs
Reusing cached encoding of .\origrom\1C554A.dcs
nbanew.prg(6253): warning: This statement (and everything after it) is unreachable due to an earlier Wait(forever) and/or End
Encoding .\origrom\1C5AAA.dcs : OK, 59 DCS frames, 1390 bytes in ROM (20.4:1 compression, 24541 avg bps)
Encoding .\origrom\2D0E14.dcs : OK, 82 DCS frames, 1612 bytes in ROM (24.4:1 compression, 20478 avg bps)
nbanew.prg(6259): warning: This statement (and everything after it) is unreachable due to an earlier Wait(forever) and/or End
Reusing cached encoding of .\origrom\2D0E14.dcs
nbanew.prg(6264): warning: This statement (and everything after it) is unreachable due to an earlier Wait(forever) and/or End
Reusing cached encoding of .\origrom\2D0E14.dcs
nbanew.prg(6269): warning: This statement (and everything after it) is unreachable due to an earlier Wait(forever) and/or End
Reusing cached encoding of .\origrom\1CC03A.dcs
Reusing cached encoding of .\origrom\2D0E14.dcs
nbanew.prg(6275): warning: This statement (and everything after it) is unreachable due to an earlier Wait(forever) and/or End
Encoding .\origrom\1C6DA2.dcs : OK, 60 DCS frames, 1042 bytes in ROM (27.6:1 compression, 18090 avg bps)
Encoding .\origrom\1C71B6.dcs : OK, 72 DCS frames, 985 bytes in ROM (35.1:1 compression, 14251 avg bps)
nbanew.prg(6281): warning: This statement (and everything after it) is unreachable due to an earlier Wait(forever) and/or End
Reusing cached encoding of .\origrom\1C71B6.dcs
nbanew.prg(6286): warning: This statement (and everything after it) is unreachable due to an earlier Wait(forever) and/or End
Reusing cached encoding of .\origrom\1C71B6.dcs
nbanew.prg(6291): warning: This statement (and everything after it) is unreachable due to an earlier Wait(forever) and/or End
Reusing cached encoding of .\origrom\1CC03A.dcs
Reusing cached encoding of .\origrom\1C71B6.dcs
nbanew.prg(6297): warning: This statement (and everything after it) is unreachable due to an earlier Wait(forever) and/or End
Encoding .\origrom\04E25A.dcs : OK, 56 DCS frames, 1652 bytes in ROM (16.3:1 compression, 30729 avg bps)
Reusing cached encoding of .\origrom\3B7C38.dcs
nbanew.prg(6303): warning: This statement (and everything after it) is unreachable due to an earlier Wait(forever) and/or End
Reusing cached encoding of .\origrom\3B7C38.dcs
nbanew.prg(6308): warning: This statement (and everything after it) is unreachable due to an earlier Wait(forever) and/or End
Reusing cached encoding of .\origrom\3B7C38.dcs
nbanew.prg(6313): warning: This statement (and everything after it) is unreachable due to an earlier Wait(forever) and/or End
Reusing cached encoding of .\origrom\1CC03A.dcs
Reusing cached encoding of .\origrom\3B7C38.dcs
nbanew.prg(6319): warning: This statement (and everything after it) is unreachable due to an earlier Wait(forever) and/or End
Encoding .\origrom\2D1462.dcs : OK, 91 DCS frames, 1837 bytes in ROM (23.8:1 compression, 21028 avg bps)
Encoding .\origrom\2D1B92.dcs : OK, 127 DCS frames, 2405 bytes in ROM (25.3:1 compression, 19726 avg bps)
nbanew.prg(6325): warning: This statement (and everything after it) is unreachable due to an earlier Wait(forever) and/or End
Reusing cached encoding of .\origrom\2D1B92.dcs
nbanew.prg(6330): warning: This statement (and everything after it) is unreachable due to an earlier Wait(forever) and/or End
Reusing cached encoding of .\origrom\2D1B92.dcs
nbanew.prg(6335): warning: This statement (and everything after it) is unreachable due to an earlier Wait(forever) and/or End
Reusing cached encoding of .\origrom\1CC03A.dcs
Reusing cached encoding of .\origrom\2D1B92.dcs
nbanew.prg(6341): warning: This statement (and everything after it) is unreachable due to an earlier Wait(forever) and/or End
Encoding .\origrom\3CDB86.dcs : OK, 66 DCS frames, 1795 bytes in ROM (17.6:1 compression, 28330 avg bps)
Reusing cached encoding of .\origrom\3B6566.dcs
nbanew.prg(6347): warning: This statement (and everything after it) is unreachable due to an earlier Wait(forever) and/or End
Reusing cached encoding of .\origrom\3B6566.dcs
nbanew.prg(6352): warning: This statement (and everything after it) is unreachable due to an earlier Wait(forever) and/or End
Reusing cached encoding of .\origrom\3B6566.dcs
nbanew.prg(6357): warning: This statement (and everything after it) is unreachable due to an earlier Wait(forever) and/or End
Reusing cached encoding of .\origrom\1CC03A.dcs
Reusing cached encoding of .\origrom\3B6566.dcs
nbanew.prg(6363): warning: This statement (and everything after it) is unreachable due to an earlier Wait(forever) and/or End
Encoding .\origrom\3C921C.dcs : OK, 54 DCS frames, 1584 bytes in ROM (16.4:1 compression, 30556 avg bps)
Reusing cached encoding of .\origrom\1B4318.dcs
nbanew.prg(6369): warning: This statement (and everything after it) is unreachable due to an earlier Wait(forever) and/or End
Reusing cached encoding of .\origrom\1B4318.dcs
nbanew.prg(6374): warning: This statement (and everything after it) is unreachable due to an earlier Wait(forever) and/or End
Reusing cached encoding of .\origrom\1B4318.dcs
nbanew.prg(6379): warning: This statement (and everything after it) is unreachable due to an earlier Wait(forever) and/or End
Reusing cached encoding of .\origrom\1CC03A.dcs
Reusing cached encoding of .\origrom\1B4318.dcs
nbanew.prg(6385): warning: This statement (and everything after it) is unreachable due to an earlier Wait(forever) and/or End
Reusing cached encoding of .\origrom\3C1B9A.dcs
Encoding .\origrom\3CA6BA.dcs : OK, 104 DCS frames, 1542 bytes in ROM (32.4:1 compression, 15445 avg bps)
nbanew.prg(6391): warning: This statement (and everything after it) is unreachable due to an earlier Wait(forever) and/or End
Reusing cached encoding of .\origrom\3CA6BA.dcs
nbanew.prg(6396): warning: This statement (and everything after it) is unreachable due to an earlier Wait(forever) and/or End
Reusing cached encoding of .\origrom\3CA6BA.dcs
nbanew.prg(6401): warning: This statement (and everything after it) is unreachable due to an earlier Wait(forever) and/or End
Reusing cached encoding of .\origrom\1CC03A.dcs
Reusing cached encoding of .\origrom\3CA6BA.dcs
nbanew.prg(6407): warning: This statement (and everything after it) is unreachable due to an earlier Wait(forever) and/or End
Encoding .\origrom\1C7B8C.dcs : OK, 62 DCS frames, 1350 bytes in ROM (22.0:1 compression, 22681 avg bps)
Encoding .\origrom\3CACC2.dcs : OK, 99 DCS frames, 1878 bytes in ROM (25.3:1 compression, 19760 avg bps)
nbanew.prg(6413): warning: This statement (and everything after it) is unreachable due to an earlier Wait(forever) and/or End
Reusing cached encoding of .\origrom\3CACC2.dcs
nbanew.prg(6418): warning: This statement (and everything after it) is unreachable due to an earlier Wait(forever) and/or End
Reusing cached encoding of .\origrom\3CACC2.dcs
nbanew.prg(6423): warning: This statement (and everything after it) is unreachable due to an earlier Wait(forever) and/or End
Reusing cached encoding of .\origrom\1CC03A.dcs
Reusing cached encoding of .\origrom\3CACC2.dcs
nbanew.prg(6429): warning: This statement (and everything after it) is unreachable due to an earlier Wait(forever) and/or End
Encoding .\origrom\3C9858.dcs : OK, 72 DCS frames, 1696 bytes in ROM (20.4:1 compression, 24537 avg bps)
Encoding .\origrom\3C9EFA.dcs : OK, 94 DCS frames, 1982 bytes in ROM (22.8:1 compression, 21964 avg bps)
nbanew.prg(6435): warning: This statement (and everything after it) is unreachable due to an earlier Wait(forever) and/or End
Reusing cached encoding of .\origrom\3C9EFA.dcs
nbanew.prg(6440): warning: This statement (and everything after it) is unreachable due to an earlier Wait(forever) and/or End
Reusing cached encoding of .\origrom\3C9EFA.dcs
nbanew.prg(6445): warning: This statement (and everything after it) is unreachable due to an earlier Wait(forever) and/or End
Reusing cached encoding of .\origrom\1CC03A.dcs
Reusing cached encoding of .\origrom\3C9EFA.dcs
nbanew.prg(6451): warning: This statement (and everything after it) is unreachable due to an earlier Wait(forever) and/or End
Reusing cached encoding of .\origrom\1C7592.dcs
Encoding .\origrom\2D24FA.dcs : OK, 91 DCS frames, 1918 bytes in ROM (22.8:1 compression, 21955 avg bps)
nbanew.prg(6457): warning: This statement (and everything after it) is unreachable due to an earlier Wait(forever) and/or End
Reusing cached encoding of .\origrom\2D24FA.dcs
nbanew.prg(6462): warning: This statement (and everything after it) is unreachable due to an earlier Wait(forever) and/or End
Reusing cached encoding of .\origrom\2D24FA.dcs
nbanew.prg(6467): warning: This statement (and everything after it) is unreachable due to an earlier Wait(forever) and/or End
Reusing cached encoding of .\origrom\1CC03A.dcs
Reusing cached encoding of .\origrom\2D24FA.dcs
nbanew.prg(6473): warning: This statement (and everything after it) is unreachable due to an earlier Wait(forever) and/or End
Reusing cached encoding of .\origrom\2BAA34.dcs
Encoding .\origrom\1C80D4.dcs : OK, 70 DCS frames, 1421 bytes in ROM (23.6:1 compression, 21146 avg bps)
nbanew.prg(6479): warning: This statement (and everything after it) is unreachable due to an earlier Wait(forever) and/or End
Reusing cached encoding of .\origrom\1C80D4.dcs
nbanew.prg(6484): warning: This statement (and everything after it) is unreachable due to an earlier Wait(forever) and/or End
Reusing cached encoding of .\origrom\1C80D4.dcs
nbanew.prg(6489): warning: This statement (and everything after it) is unreachable due to an earlier Wait(forever) and/or End
Reusing cached encoding of .\origrom\1CC03A.dcs
Reusing cached encoding of .\origrom\1C80D4.dcs
nbanew.prg(6495): warning: This statement (and everything after it) is unreachable due to an earlier Wait(forever) and/or End
Encoding .\origrom\2D2C7A.dcs : OK, 113 DCS frames, 2198 bytes in ROM (24.7:1 compression, 20262 avg bps)
Reusing cached encoding of .\origrom\3CBA74.dcs
nbanew.prg(6501): warning: This statement (and everything after it) is unreachable due to an earlier Wait(forever) and/or End
Reusing cached encoding of .\origrom\3CBA74.dcs
nbanew.prg(6506): warning: This statement (and everything after it) is unreachable due to an earlier Wait(forever) and/or End
Reusing cached encoding of .\origrom\3CBA74.dcs
nbanew.prg(6511): warning: This statement (and everything after it) is unreachable due to an earlier Wait(forever) and/or End
Reusing cached encoding of .\origrom\1CC03A.dcs
Reusing cached encoding of .\origrom\3CBA74.dcs
nbanew.prg(6517): warning: This statement (and everything after it) is unreachable due to an earlier Wait(forever) and/or End
Encoding .\origrom\1C8662.dcs : OK, 89 DCS frames, 1835 bytes in ROM (23.3:1 compression, 21477 avg bps)
Reusing cached encoding of .\origrom\1B9670.dcs
nbanew.prg(6523): warning: This statement (and everything after it) is unreachable due to an earlier Wait(forever) and/or End
Reusing cached encoding of .\origrom\1B9670.dcs
nbanew.prg(6528): warning: This statement (and everything after it) is unreachable due to an earlier Wait(forever) and/or End
Reusing cached encoding of .\origrom\1B9670.dcs
nbanew.prg(6533): warning: This statement (and everything after it) is unreachable due to an earlier Wait(forever) and/or End
Reusing cached encoding of .\origrom\1CC03A.dcs
Reusing cached encoding of .\origrom\1B9670.dcs
nbanew.prg(6539): warning: This statement (and everything after it) is unreachable due to an earlier Wait(forever) and/or End
Encoding .\origrom\2D3514.dcs : OK, 85 DCS frames, 1750 bytes in ROM (23.3:1 compression, 21446 avg bps)
Encoding .\origrom\2D3BEC.dcs : OK, 92 DCS frames, 2153 bytes in ROM (20.5:1 compression, 24377 avg bps)
nbanew.prg(6545): warning: This statement (and everything after it) is unreachable due to an earlier Wait(forever) and/or End
Reusing cached encoding of .\origrom\2D3BEC.dcs
nbanew.prg(6550): warning: This statement (and everything after it) is unreachable due to an earlier Wait(forever) and/or End
Reusing cached encoding of .\origrom\2D3BEC.dcs
nbanew.prg(6555): warning: This statement (and everything after it) is unreachable due to an earlier Wait(forever) and/or End
Reusing cached encoding of .\origrom\1CC03A.dcs
Reusing cached encoding of .\origrom\2D3BEC.dcs
nbanew.prg(6561): warning: This statement (and everything after it) is unreachable due to an earlier Wait(forever) and/or End
Reusing cached encoding of .\origrom\1A6804.dcs
Encoding .\origrom\3CB41A.dcs : OK, 87 DCS frames, 1624 bytes in ROM (25.7:1 compression, 19444 avg bps)
nbanew.prg(6567): warning: This statement (and everything after it) is unreachable due to an earlier Wait(forever) and/or End
Reusing cached encoding of .\origrom\3CB41A.dcs
nbanew.prg(6572): warning: This statement (and everything after it) is unreachable due to an earlier Wait(forever) and/or End
Reusing cached encoding of .\origrom\3CB41A.dcs
nbanew.prg(6577): warning: This statement (and everything after it) is unreachable due to an earlier Wait(forever) and/or End
Reusing cached encoding of .\origrom\1CC03A.dcs
Reusing cached encoding of .\origrom\3CB41A.dcs
nbanew.prg(6583): warning: This statement (and everything after it) is unreachable due to an earlier Wait(forever) and/or End
Encoding .\origrom\3CCDD4.dcs : OK, 97 DCS frames, 2068 bytes in ROM (22.5:1 compression, 22208 avg bps)
Encoding .\origrom\3CD5EA.dcs : OK, 80 DCS frames, 1434 bytes in ROM (26.8:1 compression, 18672 avg bps)
nbanew.prg(6589): warning: This statement (and everything after it) is unreachable due to an earlier Wait(forever) and/or End
Reusing cached encoding of .\origrom\3CD5EA.dcs
nbanew.prg(6594): warning: This statement (and everything after it) is unreachable due to an earlier Wait(forever) and/or End
Reusing cached encoding of .\origrom\3CD5EA.dcs
nbanew.prg(6599): warning: This statement (and everything after it) is unreachable due to an earlier Wait(forever) and/or End
Reusing cached encoding of .\origrom\1CC03A.dcs
Reusing cached encoding of .\origrom\3CD5EA.dcs
nbanew.prg(6605): warning: This statement (and everything after it) is unreachable due to an earlier Wait(forever) and/or End
Reusing cached encoding of .\origrom\2BAA34.dcs
Encoding .\origrom\1C93AA.dcs : OK, 43 DCS frames, 814 bytes in ROM (25.4:1 compression, 19719 avg bps)
nbanew.prg(6611): warning: This statement (and everything after it) is unreachable due to an earlier Wait(forever) and/or End
Reusing cached encoding of .\origrom\1C93AA.dcs
nbanew.prg(6616): warning: This statement (and everything after it) is unreachable due to an earlier Wait(forever) and/or End
Reusing cached encoding of .\origrom\1C93AA.dcs
nbanew.prg(6621): warning: This statement (and everything after it) is unreachable due to an earlier Wait(forever) and/or End
Reusing cached encoding of .\origrom\1CC03A.dcs
Reusing cached encoding of .\origrom\1C93AA.dcs
nbanew.prg(6627): warning: This statement (and everything after it) is unreachable due to an earlier Wait(forever) and/or End
Encoding .\origrom\1C8D90.dcs : OK, 82 DCS frames, 1558 bytes in ROM (25.3:1 compression, 19792 avg bps)
Encoding .\origrom\2D4456.dcs : OK, 81 DCS frames, 2201 bytes in ROM (17.7:1 compression, 28305 avg bps)
nbanew.prg(6633): warning: This statement (and everything after it) is unreachable due to an earlier Wait(forever) and/or End
Reusing cached encoding of .\origrom\2D4456.dcs
nbanew.prg(6638): warning: This statement (and everything after it) is unreachable due to an earlier Wait(forever) and/or End
Reusing cached encoding of .\origrom\2D4456.dcs
nbanew.prg(6643): warning: This statement (and everything after it) is unreachable due to an earlier Wait(forever) and/or End
Reusing cached encoding of .\origrom\1CC03A.dcs
Reusing cached encoding of .\origrom\2D4456.dcs
nbanew.prg(6649): warning: This statement (and everything after it) is unreachable due to an earlier Wait(forever) and/or End
Reusing cached encoding of .\origrom\3B5772.dcs
Encoding .\origrom\3CC73C.dcs : OK, 76 DCS frames, 1685 bytes in ROM (21.6:1 compression, 23095 avg bps)
nbanew.prg(6655): warning: This statement (and everything after it) is unreachable due to an earlier Wait(forever) and/or End
Reusing cached encoding of .\origrom\3CC73C.dcs
nbanew.prg(6660): warning: This statement (and everything after it) is unreachable due to an earlier Wait(forever) and/or End
Reusing cached encoding of .\origrom\3CC73C.dcs
nbanew.prg(6665): warning: This statement (and everything after it) is unreachable due to an earlier Wait(forever) and/or End
Reusing cached encoding of .\origrom\1CC03A.dcs
Reusing cached encoding of .\origrom\3CC73C.dcs
nbanew.prg(6671): warning: This statement (and everything after it) is unreachable due to an earlier Wait(forever) and/or End
Reusing cached encoding of .\origrom\3AD88C.dcs
Encoding .\origrom\1C96DC.dcs : OK, 128 DCS frames, 2833 bytes in ROM (21.7:1 compression, 23055 avg bps)
nbanew.prg(6677): warning: This statement (and everything after it) is unreachable due to an earlier Wait(forever) and/or End
Reusing cached encoding of .\origrom\1C96DC.dcs
nbanew.prg(6682): warning: This statement (and everything after it) is unreachable due to an earlier Wait(forever) and/or End
Reusing cached encoding of .\origrom\1C96DC.dcs
nbanew.prg(6687): warning: This statement (and everything after it) is unreachable due to an earlier Wait(forever) and/or End
Reusing cached encoding of .\origrom\1C96DC.dcs
nbanew.prg(6692): warning: This statement (and everything after it) is unreachable due to an earlier Wait(forever) and/or End
Encoding .\origrom\0AF782.dcs : OK, 98 DCS frames, 2303 bytes in ROM (20.4:1 compression, 24479 avg bps)
nbanew.prg(6697): warning: This statement (and everything after it) is unreachable due to an earlier Wait(forever) and/or End
Reusing cached encoding of .\origrom\1CC03A.dcs
Reusing cached encoding of .\origrom\0AF782.dcs
nbanew.prg(6703): warning: This statement (and everything after it) is unreachable due to an earlier Wait(forever) and/or End
Encoding .\origrom\0A960C.dcs : OK, 49 DCS frames, 950 bytes in ROM (24.8:1 compression, 20196 avg bps)
nbanew.prg(6708): warning: This statement (and everything after it) is unreachable due to an earlier Wait(forever) and/or End
Reusing cached encoding of .\origrom\1CC03A.dcs
Reusing cached encoding of .\origrom\0A960C.dcs
nbanew.prg(6714): warning: This statement (and everything after it) is unreachable due to an earlier Wait(forever) and/or End
Encoding .\origrom\0ABED8.dcs : OK, 58 DCS frames, 1622 bytes in ROM (17.2:1 compression, 29131 avg bps)
nbanew.prg(6719): warning: This statement (and everything after it) is unreachable due to an earlier Wait(forever) and/or End
Reusing cached encoding of .\origrom\1CC03A.dcs
Reusing cached encoding of .\origrom\0ABED8.dcs
nbanew.prg(6725): warning: This statement (and everything after it) is unreachable due to an earlier Wait(forever) and/or End
Encoding .\origrom\0B31CA.dcs : OK, 61 DCS frames, 1668 bytes in ROM (17.6:1 compression, 28484 avg bps)
nbanew.prg(6730): warning: This statement (and everything after it) is unreachable due to an earlier Wait(forever) and/or End
Reusing cached encoding of .\origrom\1CC03A.dcs
Reusing cached encoding of .\origrom\0B31CA.dcs
nbanew.prg(6736): warning: This statement (and everything after it) is unreachable due to an earlier Wait(forever) and/or End
Encoding .\origrom\0B176E.dcs : OK, 73 DCS frames, 2079 bytes in ROM (16.9:1 compression, 29666 avg bps)
nbanew.prg(6741): warning: This statement (and everything after it) is unreachable due to an earlier Wait(forever) and/or End
Reusing cached encoding of .\origrom\1CC03A.dcs
Reusing cached encoding of .\origrom\0B176E.dcs
nbanew.prg(6747): warning: This statement (and everything after it) is unreachable due to an earlier Wait(forever) and/or End
Encoding .\origrom\0B2588.dcs : OK, 60 DCS frames, 1469 bytes in ROM (19.6:1 compression, 25503 avg bps)
nbanew.prg(6752): warning: This statement (and everything after it) is unreachable due to an earlier Wait(forever) and/or End
Reusing cached encoding of .\origrom\1CC03A.dcs
Reusing cached encoding of .\origrom\0B2588.dcs
nbanew.prg(6758): warning: This statement (and everything after it) is unreachable due to an earlier Wait(forever) and/or End
Encoding .\origrom\0B1194.dcs : OK, 69 DCS frames, 1496 bytes in ROM (22.1:1 compression, 22585 avg bps)
nbanew.prg(6763): warning: This statement (and everything after it) is unreachable due to an earlier Wait(forever) and/or End
Reusing cached encoding of .\origrom\1CC03A.dcs
Reusing cached encoding of .\origrom\0B1194.dcs
nbanew.prg(6769): warning: This statement (and everything after it) is unreachable due to an earlier Wait(forever) and/or End
Encoding .\origrom\0B3850.dcs : OK, 85 DCS frames, 1920 bytes in ROM (21.2:1 compression, 23529 avg bps)
nbanew.prg(6774): warning: This statement (and everything after it) is unreachable due to an earlier Wait(forever) and/or End
Reusing cached encoding of .\origrom\1CC03A.dcs
Reusing cached encoding of .\origrom\0B3850.dcs
nbanew.prg(6780): warning: This statement (and everything after it) is unreachable due to an earlier Wait(forever) and/or End
Encoding .\origrom\0AC530.dcs : OK, 73 DCS frames, 1401 bytes in ROM (25.0:1 compression, 19991 avg bps)
nbanew.prg(6785): warning: This statement (and everything after it) is unreachable due to an earlier Wait(forever) and/or End
Reusing cached encoding of .\origrom\1CC03A.dcs
Reusing cached encoding of .\origrom\0AC530.dcs
nbanew.prg(6791): warning: This statement (and everything after it) is unreachable due to an earlier Wait(forever) and/or End
Encoding .\origrom\0B0C1E.dcs : OK, 71 DCS frames, 1395 bytes in ROM (24.4:1 compression, 20467 avg bps)
nbanew.prg(6796): warning: This statement (and everything after it) is unreachable due to an earlier Wait(forever) and/or End
Reusing cached encoding of .\origrom\1CC03A.dcs
Reusing cached encoding of .\origrom\0B0C1E.dcs
nbanew.prg(6802): warning: This statement (and everything after it) is unreachable due to an earlier Wait(forever) and/or End
Encoding .\origrom\0AAD7C.dcs : OK, 108 DCS frames, 1971 bytes in ROM (26.3:1 compression, 19010 avg bps)
nbanew.prg(6807): warning: This statement (and everything after it) is unreachable due to an earlier Wait(forever) and/or End
Reusing cached encoding of .\origrom\1CC03A.dcs
Reusing cached encoding of .\origrom\0AAD7C.dcs
nbanew.prg(6813): warning: This statement (and everything after it) is unreachable due to an earlier Wait(forever) and/or End
Encoding .\origrom\0B3FD2.dcs : OK, 89 DCS frames, 2231 bytes in ROM (19.1:1 compression, 26112 avg bps)
nbanew.prg(6818): warning: This statement (and everything after it) is unreachable due to an earlier Wait(forever) and/or End
Reusing cached encoding of .\origrom\1CC03A.dcs
Reusing cached encoding of .\origrom\0B3FD2.dcs
nbanew.prg(6824): warning: This statement (and everything after it) is unreachable due to an earlier Wait(forever) and/or End
Encoding .\origrom\0B2B48.dcs : OK, 78 DCS frames, 1665 bytes in ROM (22.5:1 compression, 22236 avg bps)
nbanew.prg(6829): warning: This statement (and everything after it) is unreachable due to an earlier Wait(forever) and/or End
Reusing cached encoding of .\origrom\1CC03A.dcs
Reusing cached encoding of .\origrom\0B2B48.dcs
nbanew.prg(6835): warning: This statement (and everything after it) is unreachable due to an earlier Wait(forever) and/or End
Encoding .\origrom\0AEA6E.dcs : OK, 62 DCS frames, 1304 bytes in ROM (22.8:1 compression, 21909 avg bps)
nbanew.prg(6840): warning: This statement (and everything after it) is unreachable due to an earlier Wait(forever) and/or End
Reusing cached encoding of .\origrom\1CC03A.dcs
Reusing cached encoding of .\origrom\0AEA6E.dcs
nbanew.prg(6846): warning: This statement (and everything after it) is unreachable due to an earlier Wait(forever) and/or End
Encoding .\origrom\0A9D8E.dcs : OK, 85 DCS frames, 1812 bytes in ROM (22.5:1 compression, 22206 avg bps)
nbanew.prg(6851): warning: This statement (and everything after it) is unreachable due to an earlier Wait(forever) and/or End
Reusing cached encoding of .\origrom\1CC03A.dcs
Reusing cached encoding of .\origrom\0A9D8E.dcs
nbanew.prg(6857): warning: This statement (and everything after it) is unreachable due to an earlier Wait(forever) and/or End
Encoding .\origrom\0AA4A6.dcs : OK, 101 DCS frames, 2261 bytes in ROM (21.4:1 compression, 23319 avg bps)
nbanew.prg(6862): warning: This statement (and everything after it) is unreachable due to an earlier Wait(forever) and/or End
Reusing cached encoding of .\origrom\1CC03A.dcs
Reusing cached encoding of .\origrom\0AA4A6.dcs
nbanew.prg(6868): warning: This statement (and everything after it) is unreachable due to an earlier Wait(forever) and/or End
Encoding .\origrom\0B1F8E.dcs : OK, 77 DCS frames, 1530 bytes in ROM (24.2:1 compression, 20698 avg bps)
nbanew.prg(6873): warning: This statement (and everything after it) is unreachable due to an earlier Wait(forever) and/or End
Reusing cached encoding of .\origrom\1CC03A.dcs
Reusing cached encoding of .\origrom\0B1F8E.dcs
nbanew.prg(6879): warning: This statement (and everything after it) is unreachable due to an earlier Wait(forever) and/or End
Encoding .\origrom\0B0084.dcs : OK, 70 DCS frames, 1427 bytes in ROM (23.5:1 compression, 21235 avg bps)
nbanew.prg(6884): warning: This statement (and everything after it) is unreachable due to an earlier Wait(forever) and/or End
Reusing cached encoding of .\origrom\1CC03A.dcs
Reusing cached encoding of .\origrom\0B0084.dcs
nbanew.prg(6890): warning: This statement (and everything after it) is unreachable due to an earlier Wait(forever) and/or End
Encoding .\origrom\0ADD26.dcs : OK, 81 DCS frames, 1846 bytes in ROM (21.1:1 compression, 23740 avg bps)
nbanew.prg(6895): warning: This statement (and everything after it) is unreachable due to an earlier Wait(forever) and/or End
Reusing cached encoding of .\origrom\1CC03A.dcs
Reusing cached encoding of .\origrom\0ADD26.dcs
nbanew.prg(6901): warning: This statement (and everything after it) is unreachable due to an earlier Wait(forever) and/or End
Encoding .\origrom\0AB52E.dcs : OK, 104 DCS frames, 2471 bytes in ROM (20.2:1 compression, 24750 avg bps)
nbanew.prg(6906): warning: This statement (and everything after it) is unreachable due to an earlier Wait(forever) and/or End
Reusing cached encoding of .\origrom\1CC03A.dcs
Reusing cached encoding of .\origrom\0AB52E.dcs
nbanew.prg(6912): warning: This statement (and everything after it) is unreachable due to an earlier Wait(forever) and/or End
Encoding .\origrom\0AD644.dcs : OK, 64 DCS frames, 1761 bytes in ROM (17.4:1 compression, 28662 avg bps)
nbanew.prg(6917): warning: This statement (and everything after it) is unreachable due to an earlier Wait(forever) and/or End
Reusing cached encoding of .\origrom\1CC03A.dcs
Reusing cached encoding of .\origrom\0AD644.dcs
nbanew.prg(6923): warning: This statement (and everything after it) is unreachable due to an earlier Wait(forever) and/or End
Encoding .\origrom\0AD1CC.dcs : OK, 62 DCS frames, 1141 bytes in ROM (26.1:1 compression, 19170 avg bps)
nbanew.prg(6928): warning: This statement (and everything after it) is unreachable due to an earlier Wait(forever) and/or End
Reusing cached encoding of .\origrom\1CC03A.dcs
Reusing cached encoding of .\origrom\0AD1CC.dcs
nbanew.prg(6934): warning: This statement (and everything after it) is unreachable due to an earlier Wait(forever) and/or End
Encoding .\origrom\0AE45E.dcs : OK, 63 DCS frames, 1549 bytes in ROM (19.5:1 compression, 25612 avg bps)
nbanew.prg(6939): warning: This statement (and everything after it) is unreachable due to an earlier Wait(forever) and/or End
Reusing cached encoding of .\origrom\1CC03A.dcs
Reusing cached encoding of .\origrom\0AE45E.dcs
nbanew.prg(6945): warning: This statement (and everything after it) is unreachable due to an earlier Wait(forever) and/or End
Encoding .\origrom\0AEF88.dcs : OK, 103 DCS frames, 2040 bytes in ROM (24.2:1 compression, 20631 avg bps)
nbanew.prg(6950): warning: This statement (and everything after it) is unreachable due to an earlier Wait(forever) and/or End
Reusing cached encoding of .\origrom\1CC03A.dcs
Reusing cached encoding of .\origrom\0AEF88.dcs
nbanew.prg(6956): warning: This statement (and everything after it) is unreachable due to an earlier Wait(forever) and/or End
Encoding .\origrom\0A99C6.dcs : OK, 51 DCS frames, 965 bytes in ROM (25.4:1 compression, 19710 avg bps)
nbanew.prg(6961): warning: This statement (and everything after it) is unreachable due to an earlier Wait(forever) and/or End
Reusing cached encoding of .\origrom\1CC03A.dcs
Reusing cached encoding of .\origrom\0A99C6.dcs
nbanew.prg(6967): warning: This statement (and everything after it) is unreachable due to an earlier Wait(forever) and/or End
Encoding .\origrom\0ACAAC.dcs : OK, 102 DCS frames, 1821 bytes in ROM (26.9:1 compression, 18597 avg bps)
nbanew.prg(6972): warning: This statement (and everything after it) is unreachable due to an earlier Wait(forever) and/or End
Reusing cached encoding of .\origrom\1CC03A.dcs
Reusing cached encoding of .\origrom\0ACAAC.dcs
nbanew.prg(6978): warning: This statement (and everything after it) is unreachable due to an earlier Wait(forever) and/or End
Encoding .\origrom\1CA88A.dcs : OK, 60 DCS frames, 1384 bytes in ROM (20.8:1 compression, 24028 avg bps)
Encoding .\origrom\3CF244.dcs : OK, 85 DCS frames, 1517 bytes in ROM (26.9:1 compression, 18591 avg bps)
nbanew.prg(6984): warning: This statement (and everything after it) is unreachable due to an earlier Wait(forever) and/or End
Reusing cached encoding of .\origrom\3CF244.dcs
nbanew.prg(6989): warning: This statement (and everything after it) is unreachable due to an earlier Wait(forever) and/or End
Reusing cached encoding of .\origrom\1CC03A.dcs
Reusing cached encoding of .\origrom\3CF244.dcs
nbanew.prg(6995): warning: This statement (and everything after it) is unreachable due to an earlier Wait(forever) and/or End
Encoding .\origrom\2D54BE.dcs : OK, 86 DCS frames, 2239 bytes in ROM (18.4:1 compression, 27120 avg bps)
Encoding .\origrom\3CF834.dcs : OK, 84 DCS frames, 2163 bytes in ROM (18.6:1 compression, 26823 avg bps)
nbanew.prg(7001): warning: This statement (and everything after it) is unreachable due to an earlier Wait(forever) and/or End
Reusing cached encoding of .\origrom\3CF834.dcs
nbanew.prg(7006): warning: This statement (and everything after it) is unreachable due to an earlier Wait(forever) and/or End
Reusing cached encoding of .\origrom\1CC03A.dcs
Reusing cached encoding of .\origrom\3CF834.dcs
nbanew.prg(7012): warning: This statement (and everything after it) is unreachable due to an earlier Wait(forever) and/or End
Encoding .\origrom\1CADF4.dcs : OK, 58 DCS frames, 1277 bytes in ROM (21.8:1 compression, 22935 avg bps)
Reusing cached encoding of .\origrom\1BD7E0.dcs
nbanew.prg(7018): warning: This statement (and everything after it) is unreachable due to an earlier Wait(forever) and/or End
Reusing cached encoding of .\origrom\1BD7E0.dcs
nbanew.prg(7023): warning: This statement (and everything after it) is unreachable due to an earlier Wait(forever) and/or End
Reusing cached encoding of .\origrom\1CC03A.dcs
Reusing cached encoding of .\origrom\1BD7E0.dcs
nbanew.prg(7029): warning: This statement (and everything after it) is unreachable due to an earlier Wait(forever) and/or End
Encoding .\origrom\3D00AA.dcs : OK, 58 DCS frames, 1734 bytes in ROM (16.1:1 compression, 31142 avg bps)
Encoding .\origrom\1CB2F2.dcs : OK, 85 DCS frames, 1806 bytes in ROM (22.6:1 compression, 22132 avg bps)
nbanew.prg(7035): warning: This statement (and everything after it) is unreachable due to an earlier Wait(forever) and/or End
Reusing cached encoding of .\origrom\1CB2F2.dcs
nbanew.prg(7040): warning: This statement (and everything after it) is unreachable due to an earlier Wait(forever) and/or End
Reusing cached encoding of .\origrom\1CC03A.dcs
Reusing cached encoding of .\origrom\1CB2F2.dcs
nbanew.prg(7046): warning: This statement (and everything after it) is unreachable due to an earlier Wait(forever) and/or End
Encoding .\origrom\3D0780.dcs : OK, 70 DCS frames, 1484 bytes in ROM (22.6:1 compression, 22083 avg bps)
Encoding .\origrom\1CBA02.dcs : OK, 74 DCS frames, 1589 bytes in ROM (22.4:1 compression, 22368 avg bps)
nbanew.prg(7052): warning: This statement (and everything after it) is unreachable due to an earlier Wait(forever) and/or End
Reusing cached encoding of .\origrom\1CBA02.dcs
nbanew.prg(7057): warning: This statement (and everything after it) is unreachable due to an earlier Wait(forever) and/or End
Reusing cached encoding of .\origrom\1CC03A.dcs
Reusing cached encoding of .\origrom\1CBA02.dcs
nbanew.prg(7063): warning: This statement (and everything after it) is unreachable due to an earlier Wait(forever) and/or End
Encoding .\origrom\3D0D4E.dcs : OK, 78 DCS frames, 1501 bytes in ROM (24.9:1 compression, 20045 avg bps)
Encoding .\origrom\3D132E.dcs : OK, 73 DCS frames, 1443 bytes in ROM (24.3:1 compression, 20591 avg bps)
nbanew.prg(7069): warning: This statement (and everything after it) is unreachable due to an earlier Wait(forever) and/or End
Reusing cached encoding of .\origrom\3D132E.dcs
nbanew.prg(7074): warning: This statement (and everything after it) is unreachable due to an earlier Wait(forever) and/or End
Reusing cached encoding of .\origrom\1CC03A.dcs
Reusing cached encoding of .\origrom\3D132E.dcs
nbanew.prg(7080): warning: This statement (and everything after it) is unreachable due to an earlier Wait(forever) and/or End
Encoding .\origrom\134D3E.dcs : OK, 94 DCS frames, 2165 bytes in ROM (20.8:1 compression, 23992 avg bps)
nbanew.prg(7085): warning: This statement (and everything after it) is unreachable due to an earlier Wait(forever) and/or End
Encoding .\origrom\24296C.dcs : OK, 135 DCS frames, 3624 bytes in ROM (17.9:1 compression, 27963 avg bps)
nbanew.prg(7090): warning: This statement (and everything after it) is unreachable due to an earlier Wait(forever) and/or End
Encoding .\origrom\160642.dcs : OK, 100 DCS frames, 2553 bytes in ROM (18.8:1 compression, 26594 avg bps)
nbanew.prg(7095): warning: This statement (and everything after it) is unreachable due to an earlier Wait(forever) and/or End
Encoding .\origrom\16103A.dcs : OK, 106 DCS frames, 2411 bytes in ROM (21.1:1 compression, 23693 avg bps)
nbanew.prg(7100): warning: This statement (and everything after it) is unreachable due to an earlier Wait(forever) and/or End
Encoding .\origrom\1619A8.dcs : OK, 195 DCS frames, 4309 bytes in ROM (21.7:1 compression, 23018 avg bps)
nbanew.prg(7105): warning: This statement (and everything after it) is unreachable due to an earlier Wait(forever) and/or End
Encoding .\origrom\243796.dcs : OK, 119 DCS frames, 2790 bytes in ROM (20.5:1 compression, 24422 avg bps)
nbanew.prg(7110): warning: This statement (and everything after it) is unreachable due to an earlier Wait(forever) and/or End
Encoding .\origrom\3334A0.dcs : OK, 96 DCS frames, 1669 bytes in ROM (27.6:1 compression, 18110 avg bps)
nbanew.prg(7115): warning: This statement (and everything after it) is unreachable due to an earlier Wait(forever) and/or End
Encoding .\origrom\333B26.dcs : OK, 142 DCS frames, 3441 bytes in ROM (19.8:1 compression, 25242 avg bps)
nbanew.prg(7120): warning: This statement (and everything after it) is unreachable due to an earlier Wait(forever) and/or End
Encoding .\origrom\1355B6.dcs : OK, 187 DCS frames, 4524 bytes in ROM (19.8:1 compression, 25201 avg bps)
nbanew.prg(7125): warning: This statement (and everything after it) is unreachable due to an earlier Wait(forever) and/or End
Encoding .\origrom\36A288.dcs : OK, 142 DCS frames, 2738 bytes in ROM (24.9:1 compression, 20085 avg bps)
nbanew.prg(7130): warning: This statement (and everything after it) is unreachable due to an earlier Wait(forever) and/or End
Encoding .\origrom\136764.dcs : OK, 117 DCS frames, 2692 bytes in ROM (20.9:1 compression, 23967 avg bps)
nbanew.prg(7135): warning: This statement (and everything after it) is unreachable due to an earlier Wait(forever) and/or End
Encoding .\origrom\1371EA.dcs : OK, 121 DCS frames, 2464 bytes in ROM (23.6:1 compression, 21212 avg bps)
nbanew.prg(7140): warning: This statement (and everything after it) is unreachable due to an earlier Wait(forever) and/or End
Encoding .\origrom\24427E.dcs : OK, 188 DCS frames, 4629 bytes in ROM (19.5:1 compression, 25648 avg bps)
nbanew.prg(7145): warning: This statement (and everything after it) is unreachable due to an earlier Wait(forever) and/or End
Encoding .\origrom\245496.dcs : OK, 155 DCS frames, 4135 bytes in ROM (18.0:1 compression, 27789 avg bps)
nbanew.prg(7150): warning: This statement (and everything after it) is unreachable due to an earlier Wait(forever) and/or End
Encoding .\origrom\162A80.dcs : OK, 144 DCS frames, 3915 bytes in ROM (17.7:1 compression, 28320 avg bps)
nbanew.prg(7155): warning: This statement (and everything after it) is unreachable due to an earlier Wait(forever) and/or End
Encoding .\origrom\2464C0.dcs : OK, 157 DCS frames, 4113 bytes in ROM (18.3:1 compression, 27289 avg bps)
nbanew.prg(7160): warning: This statement (and everything after it) is unreachable due to an earlier Wait(forever) and/or End
Encoding .\origrom\2790C2.dcs : OK, 169 DCS frames, 4139 bytes in ROM (19.6:1 compression, 25512 avg bps)
nbanew.prg(7165): warning: This statement (and everything after it) is unreachable due to an earlier Wait(forever) and/or End
Encoding .\origrom\33489A.dcs : OK, 207 DCS frames, 4249 bytes in ROM (23.4:1 compression, 21382 avg bps)
nbanew.prg(7170): warning: This statement (and everything after it) is unreachable due to an earlier Wait(forever) and/or End
Encoding .\origrom\27A0F0.dcs : OK, 111 DCS frames, 2348 bytes in ROM (22.7:1 compression, 22035 avg bps)
nbanew.prg(7175): warning: This statement (and everything after it) is unreachable due to an earlier Wait(forever) and/or End
Encoding .\origrom\36AD3C.dcs : OK, 109 DCS frames, 2199 bytes in ROM (23.8:1 compression, 21015 avg bps)
nbanew.prg(7180): warning: This statement (and everything after it) is unreachable due to an earlier Wait(forever) and/or End
Encoding .\origrom\27AA1E.dcs : OK, 95 DCS frames, 2384 bytes in ROM (19.1:1 compression, 26140 avg bps)
nbanew.prg(7185): warning: This statement (and everything after it) is unreachable due to an earlier Wait(forever) and/or End
Encoding .\origrom\36B5D6.dcs : OK, 166 DCS frames, 3776 bytes in ROM (21.1:1 compression, 23695 avg bps)
nbanew.prg(7190): warning: This statement (and everything after it) is unreachable due to an earlier Wait(forever) and/or End
Encoding .\origrom\2474D4.dcs : OK, 170 DCS frames, 4962 bytes in ROM (16.4:1 compression, 30404 avg bps)
nbanew.prg(7195): warning: This statement (and everything after it) is unreachable due to an earlier Wait(forever) and/or End
Encoding .\origrom\1639CE.dcs : OK, 131 DCS frames, 3336 bytes in ROM (18.8:1 compression, 26527 avg bps)
nbanew.prg(7200): warning: This statement (and everything after it) is unreachable due to an earlier Wait(forever) and/or End
Encoding .\origrom\27B370.dcs : OK, 107 DCS frames, 2287 bytes in ROM (22.5:1 compression, 22264 avg bps)
nbanew.prg(7205): warning: This statement (and everything after it) is unreachable due to an earlier Wait(forever) and/or End
Encoding .\origrom\36C498.dcs : OK, 111 DCS frames, 2907 bytes in ROM (18.3:1 compression, 27280 avg bps)
nbanew.prg(7210): warning: This statement (and everything after it) is unreachable due to an earlier Wait(forever) and/or End
Encoding .\origrom\248838.dcs : OK, 188 DCS frames, 4272 bytes in ROM (21.1:1 compression, 23670 avg bps)
nbanew.prg(7215): warning: This statement (and everything after it) is unreachable due to an earlier Wait(forever) and/or End
Encoding .\origrom\336182.dcs : OK, 132 DCS frames, 2934 bytes in ROM (21.6:1 compression, 23153 avg bps)
nbanew.prg(7220): warning: This statement (and everything after it) is unreachable due to an earlier Wait(forever) and/or End
Encoding .\origrom\36CFFE.dcs : OK, 141 DCS frames, 3054 bytes in ROM (22.2:1 compression, 22562 avg bps)
nbanew.prg(7225): warning: This statement (and everything after it) is unreachable due to an earlier Wait(forever) and/or End
Encoding .\origrom\336CFA.dcs : OK, 175 DCS frames, 4505 bytes in ROM (18.6:1 compression, 26815 avg bps)
nbanew.prg(7230): warning: This statement (and everything after it) is unreachable due to an earlier Wait(forever) and/or End
Encoding .\origrom\137B8C.dcs : OK, 159 DCS frames, 5518 bytes in ROM (13.8:1 compression, 36150 avg bps)
nbanew.prg(7235): warning: This statement (and everything after it) is unreachable due to an earlier Wait(forever) and/or End
Encoding .\origrom\2498EA.dcs : OK, 105 DCS frames, 2753 bytes in ROM (18.3:1 compression, 27312 avg bps)
nbanew.prg(7240): warning: This statement (and everything after it) is unreachable due to an earlier Wait(forever) and/or End
Encoding .\origrom\13911E.dcs : OK, 37 DCS frames, 868 bytes in ROM (20.5:1 compression, 24437 avg bps)
Reusing cached encoding of .\origrom\2498EA.dcs
nbanew.prg(7246): warning: This statement (and everything after it) is unreachable due to an earlier Wait(forever) and/or End
Encoding .\origrom\27BC62.dcs : OK, 105 DCS frames, 2963 bytes in ROM (17.0:1 compression, 29395 avg bps)
nbanew.prg(7251): warning: This statement (and everything after it) is unreachable due to an earlier Wait(forever) and/or End
Encoding .\origrom\27C7F8.dcs : OK, 96 DCS frames, 2560 bytes in ROM (18.0:1 compression, 27778 avg bps)
nbanew.prg(7256): warning: This statement (and everything after it) is unreachable due to an earlier Wait(forever) and/or End
Encoding .\origrom\1646D8.dcs : OK, 136 DCS frames, 3986 bytes in ROM (16.4:1 compression, 30530 avg bps)
nbanew.prg(7261): warning: This statement (and everything after it) is unreachable due to an earlier Wait(forever) and/or End
Encoding .\origrom\24A3AE.dcs : OK, 107 DCS frames, 2184 bytes in ROM (23.5:1 compression, 21262 avg bps)
nbanew.prg(7266): warning: This statement (and everything after it) is unreachable due to an earlier Wait(forever) and/or End
Encoding .\origrom\337E94.dcs : OK, 148 DCS frames, 3980 bytes in ROM (17.8:1 compression, 28012 avg bps)
nbanew.prg(7271): warning: This statement (and everything after it) is unreachable due to an earlier Wait(forever) and/or End
Encoding .\origrom\36DBEE.dcs : OK, 68 DCS frames, 1821 bytes in ROM (17.9:1 compression, 27895 avg bps)
nbanew.prg(7276): warning: This statement (and everything after it) is unreachable due to an earlier Wait(forever) and/or End
Encoding .\origrom\36E30C.dcs : OK, 162 DCS frames, 3799 bytes in ROM (20.5:1 compression, 24428 avg bps)
nbanew.prg(7281): warning: This statement (and everything after it) is unreachable due to an earlier Wait(forever) and/or End
Encoding .\origrom\16566C.dcs : OK, 154 DCS frames, 3213 bytes in ROM (23.0:1 compression, 21733 avg bps)
nbanew.prg(7286): warning: This statement (and everything after it) is unreachable due to an earlier Wait(forever) and/or End
Encoding .\origrom\1662FC.dcs : OK, 154 DCS frames, 2902 bytes in ROM (25.5:1 compression, 19629 avg bps)
nbanew.prg(7291): warning: This statement (and everything after it) is unreachable due to an earlier Wait(forever) and/or End
Encoding .\origrom\166E54.dcs : OK, 63 DCS frames, 1367 bytes in ROM (22.1:1 compression, 22603 avg bps)
nbanew.prg(7296): warning: This statement (and everything after it) is unreachable due to an earlier Wait(forever) and/or End
Reusing cached encoding of .\origrom\243796.dcs
nbanew.prg(7301): warning: This statement (and everything after it) is unreachable due to an earlier Wait(forever) and/or End
Encoding .\origrom\24AC38.dcs : OK, 91 DCS frames, 2070 bytes in ROM (21.1:1 compression, 23695 avg bps)
nbanew.prg(7306): warning: This statement (and everything after it) is unreachable due to an earlier Wait(forever) and/or End
Encoding .\origrom\139484.dcs : OK, 123 DCS frames, 2574 bytes in ROM (22.9:1 compression, 21799 avg bps)
nbanew.prg(7311): warning: This statement (and everything after it) is unreachable due to an earlier Wait(forever) and/or End
Encoding .\origrom\24B450.dcs : OK, 143 DCS frames, 3812 bytes in ROM (18.0:1 compression, 27768 avg bps)
nbanew.prg(7316): warning: This statement (and everything after it) is unreachable due to an earlier Wait(forever) and/or End
Encoding .\origrom\33A4C4.dcs : OK, 134 DCS frames, 2942 bytes in ROM (21.9:1 compression, 22870 avg bps)
nbanew.prg(7321): warning: This statement (and everything after it) is unreachable due to an earlier Wait(forever) and/or End
Encoding .\origrom\24C338.dcs : OK, 139 DCS frames, 2965 bytes in ROM (22.5:1 compression, 22220 avg bps)
nbanew.prg(7326): warning: This statement (and everything after it) is unreachable due to an earlier Wait(forever) and/or End
Encoding .\origrom\24CECE.dcs : OK, 153 DCS frames, 3400 bytes in ROM (21.6:1 compression, 23148 avg bps)
nbanew.prg(7331): warning: This statement (and everything after it) is unreachable due to an earlier Wait(forever) and/or End
Encoding .\origrom\13AACE.dcs : OK, 164 DCS frames, 4434 bytes in ROM (17.8:1 compression, 28163 avg bps)
nbanew.prg(7336): warning: This statement (and everything after it) is unreachable due to an earlier Wait(forever) and/or End
Encoding .\origrom\33B044.dcs : OK, 173 DCS frames, 3352 bytes in ROM (24.8:1 compression, 20183 avg bps)
nbanew.prg(7341): warning: This statement (and everything after it) is unreachable due to an earlier Wait(forever) and/or End
Encoding .\origrom\36F1E6.dcs : OK, 132 DCS frames, 2487 bytes in ROM (25.5:1 compression, 19626 avg bps)
nbanew.prg(7346): warning: This statement (and everything after it) is unreachable due to an earlier Wait(forever) and/or End
Reusing cached encoding of .\origrom\243796.dcs
nbanew.prg(7351): warning: This statement (and everything after it) is unreachable due to an earlier Wait(forever) and/or End
Encoding .\origrom\33BD5E.dcs : OK, 114 DCS frames, 2565 bytes in ROM (21.3:1 compression, 23438 avg bps)
nbanew.prg(7356): warning: This statement (and everything after it) is unreachable due to an earlier Wait(forever) and/or End
Encoding .\origrom\33C766.dcs : OK, 157 DCS frames, 3903 bytes in ROM (19.3:1 compression, 25896 avg bps)
nbanew.prg(7361): warning: This statement (and everything after it) is unreachable due to an earlier Wait(forever) and/or End
Encoding .\origrom\33D6A8.dcs : OK, 120 DCS frames, 3498 bytes in ROM (16.5:1 compression, 30365 avg bps)
nbanew.prg(7366): warning: This statement (and everything after it) is unreachable due to an earlier Wait(forever) and/or End
Encoding .\origrom\36FBA0.dcs : OK, 77 DCS frames, 1686 bytes in ROM (21.9:1 compression, 22808 avg bps)
nbanew.prg(7371): warning: This statement (and everything after it) is unreachable due to an earlier Wait(forever) and/or End
Encoding .\origrom\33E454.dcs : OK, 135 DCS frames, 2904 bytes in ROM (22.3:1 compression, 22407 avg bps)
nbanew.prg(7376): warning: This statement (and everything after it) is unreachable due to an earlier Wait(forever) and/or End
Encoding .\origrom\13BC22.dcs : OK, 174 DCS frames, 4613 bytes in ROM (18.1:1 compression, 27616 avg bps)
nbanew.prg(7381): warning: This statement (and everything after it) is unreachable due to an earlier Wait(forever) and/or End
Encoding .\origrom\1673AE.dcs : OK, 104 DCS frames, 2268 bytes in ROM (22.0:1 compression, 22716 avg bps)
nbanew.prg(7386): warning: This statement (and everything after it) is unreachable due to an earlier Wait(forever) and/or End
Encoding .\origrom\1695D8.dcs : OK, 102 DCS frames, 2702 bytes in ROM (18.1:1 compression, 27594 avg bps)
nbanew.prg(7391): warning: This statement (and everything after it) is unreachable due to an earlier Wait(forever) and/or End
Encoding .\origrom\370238.dcs : OK, 138 DCS frames, 3005 bytes in ROM (22.0:1 compression, 22683 avg bps)
nbanew.prg(7396): warning: This statement (and everything after it) is unreachable due to an earlier Wait(forever) and/or End
Encoding .\origrom\370DF6.dcs : OK, 116 DCS frames, 2753 bytes in ROM (20.2:1 compression, 24722 avg bps)
nbanew.prg(7401): warning: This statement (and everything after it) is unreachable due to an earlier Wait(forever) and/or End
Encoding .\origrom\27D1FA.dcs : OK, 134 DCS frames, 3303 bytes in ROM (19.5:1 compression, 25676 avg bps)
nbanew.prg(7406): warning: This statement (and everything after it) is unreachable due to an earlier Wait(forever) and/or End
Encoding .\origrom\27F5B8.dcs : OK, 152 DCS frames, 3965 bytes in ROM (18.4:1 compression, 27172 avg bps)
nbanew.prg(7411): warning: This statement (and everything after it) is unreachable due to an earlier Wait(forever) and/or End
Encoding .\origrom\280538.dcs : OK, 133 DCS frames, 3145 bytes in ROM (20.3:1 compression, 24632 avg bps)
nbanew.prg(7416): warning: This statement (and everything after it) is unreachable due to an earlier Wait(forever) and/or End
Encoding .\origrom\167C8C.dcs : OK, 119 DCS frames, 2738 bytes in ROM (20.9:1 compression, 23967 avg bps)
nbanew.prg(7421): warning: This statement (and everything after it) is unreachable due to an earlier Wait(forever) and/or End
Encoding .\origrom\168740.dcs : OK, 48 DCS frames, 1323 bytes in ROM (17.4:1 compression, 28711 avg bps)
nbanew.prg(7426): warning: This statement (and everything after it) is unreachable due to an earlier Wait(forever) and/or End
Encoding .\origrom\281DC6.dcs : OK, 136 DCS frames, 2987 bytes in ROM (21.9:1 compression, 22878 avg bps)
nbanew.prg(7431): warning: This statement (and everything after it) is unreachable due to an earlier Wait(forever) and/or End
Encoding .\origrom\13CE2A.dcs : OK, 139 DCS frames, 3201 bytes in ROM (20.8:1 compression, 23988 avg bps)
nbanew.prg(7436): warning: This statement (and everything after it) is unreachable due to an earlier Wait(forever) and/or End
Encoding .\origrom\24DC18.dcs : OK, 177 DCS frames, 4345 bytes in ROM (19.6:1 compression, 25571 avg bps)
nbanew.prg(7441): warning: This statement (and everything after it) is unreachable due to an earlier Wait(forever) and/or End
Encoding .\origrom\24ED14.dcs : OK, 196 DCS frames, 4681 bytes in ROM (20.1:1 compression, 24878 avg bps)
nbanew.prg(7446): warning: This statement (and everything after it) is unreachable due to an earlier Wait(forever) and/or End
Encoding .\origrom\24FF5E.dcs : OK, 150 DCS frames, 3312 bytes in ROM (21.7:1 compression, 23000 avg bps)
nbanew.prg(7451): warning: This statement (and everything after it) is unreachable due to an earlier Wait(forever) and/or End
Encoding .\origrom\33EFAE.dcs : OK, 176 DCS frames, 4316 bytes in ROM (19.6:1 compression, 25545 avg bps)
nbanew.prg(7456): warning: This statement (and everything after it) is unreachable due to an earlier Wait(forever) and/or End
Encoding .\origrom\27DEE2.dcs : OK, 136 DCS frames, 2915 bytes in ROM (22.4:1 compression, 22327 avg bps)
nbanew.prg(7461): warning: This statement (and everything after it) is unreachable due to an earlier Wait(forever) and/or End
Encoding .\origrom\27EA48.dcs : OK, 133 DCS frames, 2925 bytes in ROM (21.8:1 compression, 22909 avg bps)
nbanew.prg(7466): warning: This statement (and everything after it) is unreachable due to an earlier Wait(forever) and/or End
Encoding .\origrom\250C50.dcs : OK, 174 DCS frames, 3869 bytes in ROM (21.6:1 compression, 23162 avg bps)
nbanew.prg(7471): warning: This statement (and everything after it) is unreachable due to an earlier Wait(forever) and/or End
Encoding .\origrom\251B6E.dcs : OK, 143 DCS frames, 3411 bytes in ROM (20.1:1 compression, 24847 avg bps)
nbanew.prg(7476): warning: This statement (and everything after it) is unreachable due to an earlier Wait(forever) and/or End
Encoding .\origrom\3718B8.dcs : OK, 104 DCS frames, 2275 bytes in ROM (21.9:1 compression, 22786 avg bps)
nbanew.prg(7481): warning: This statement (and everything after it) is unreachable due to an earlier Wait(forever) and/or End
Encoding .\origrom\34008C.dcs : OK, 166 DCS frames, 4559 bytes in ROM (17.5:1 compression, 28608 avg bps)
nbanew.prg(7486): warning: This statement (and everything after it) is unreachable due to an earlier Wait(forever) and/or End
Encoding .\origrom\281182.dcs : OK, 125 DCS frames, 3137 bytes in ROM (19.1:1 compression, 26142 avg bps)
nbanew.prg(7491): warning: This statement (and everything after it) is unreachable due to an earlier Wait(forever) and/or End
Encoding .\origrom\37219E.dcs : OK, 175 DCS frames, 3978 bytes in ROM (21.1:1 compression, 23679 avg bps)
nbanew.prg(7496): warning: This statement (and everything after it) is unreachable due to an earlier Wait(forever) and/or End
Encoding .\origrom\168C6C.dcs : OK, 95 DCS frames, 2408 bytes in ROM (18.9:1 compression, 26404 avg bps)
nbanew.prg(7501): warning: This statement (and everything after it) is unreachable due to an earlier Wait(forever) and/or End
Encoding .\origrom\13DAAE.dcs : OK, 158 DCS frames, 4657 bytes in ROM (16.3:1 compression, 30703 avg bps)
nbanew.prg(7506): warning: This statement (and everything after it) is unreachable due to an earlier Wait(forever) and/or End
Encoding .\origrom\37312A.dcs : OK, 80 DCS frames, 1884 bytes in ROM (20.4:1 compression, 24531 avg bps)
nbanew.prg(7511): warning: This statement (and everything after it) is unreachable due to an earlier Wait(forever) and/or End
Encoding .\origrom\34125E.dcs : OK, 106 DCS frames, 2410 bytes in ROM (21.1:1 compression, 23683 avg bps)
nbanew.prg(7516): warning: This statement (and everything after it) is unreachable due to an earlier Wait(forever) and/or End
Encoding .\origrom\073462.dcs : OK, 54 DCS frames, 827 bytes in ROM (31.3:1 compression, 15953 avg bps)
nbanew.prg(7521): warning: This statement (and everything after it) is unreachable due to an earlier Wait(forever) and/or End
Encoding .\origrom\0714A6.dcs : OK, 32 DCS frames, 756 bytes in ROM (20.3:1 compression, 24609 avg bps)
nbanew.prg(7526): warning: This statement (and everything after it) is unreachable due to an earlier Wait(forever) and/or End
Encoding .\origrom\07179C.dcs : OK, 39 DCS frames, 836 bytes in ROM (22.4:1 compression, 22329 avg bps)
nbanew.prg(7531): warning: This statement (and everything after it) is unreachable due to an earlier Wait(forever) and/or End
Encoding .\origrom\071AE2.dcs : OK, 35 DCS frames, 732 bytes in ROM (23.0:1 compression, 21786 avg bps)
nbanew.prg(7536): warning: This statement (and everything after it) is unreachable due to an earlier Wait(forever) and/or End
Encoding .\origrom\071DC0.dcs : OK, 48 DCS frames, 676 bytes in ROM (34.1:1 compression, 14670 avg bps)
nbanew.prg(7541): warning: This statement (and everything after it) is unreachable due to an earlier Wait(forever) and/or End
Encoding .\origrom\072066.dcs : OK, 51 DCS frames, 1078 bytes in ROM (22.7:1 compression, 22018 avg bps)
nbanew.prg(7546): warning: This statement (and everything after it) is unreachable due to an earlier Wait(forever) and/or End
Encoding .\origrom\07249E.dcs : OK, 48 DCS frames, 1131 bytes in ROM (20.4:1 compression, 24544 avg bps)
nbanew.prg(7551): warning: This statement (and everything after it) is unreachable due to an earlier Wait(forever) and/or End
Encoding .\origrom\07290C.dcs : OK, 44 DCS frames, 984 bytes in ROM (21.5:1 compression, 23295 avg bps)
nbanew.prg(7556): warning: This statement (and everything after it) is unreachable due to an earlier Wait(forever) and/or End
Encoding .\origrom\072CE6.dcs : OK, 46 DCS frames, 878 bytes in ROM (25.1:1 compression, 19882 avg bps)
nbanew.prg(7561): warning: This statement (and everything after it) is unreachable due to an earlier Wait(forever) and/or End
Encoding .\origrom\073058.dcs : OK, 51 DCS frames, 1032 bytes in ROM (23.7:1 compression, 21078 avg bps)
nbanew.prg(7566): warning: This statement (and everything after it) is unreachable due to an earlier Wait(forever) and/or End
Encoding .\origrom\07379E.dcs : OK, 51 DCS frames, 1338 bytes in ROM (18.3:1 compression, 27328 avg bps)
nbanew.prg(7571): warning: This statement (and everything after it) is unreachable due to an earlier Wait(forever) and/or End
Encoding .\origrom\073CDA.dcs : OK, 59 DCS frames, 1247 bytes in ROM (22.7:1 compression, 22016 avg bps)
nbanew.prg(7576): warning: This statement (and everything after it) is unreachable due to an earlier Wait(forever) and/or End
Encoding .\origrom\0741BA.dcs : OK, 60 DCS frames, 963 bytes in ROM (29.9:1 compression, 16719 avg bps)
nbanew.prg(7581): warning: This statement (and everything after it) is unreachable due to an earlier Wait(forever) and/or End
Encoding .\origrom\07457E.dcs : OK, 61 DCS frames, 864 bytes in ROM (33.9:1 compression, 14754 avg bps)
nbanew.prg(7586): warning: This statement (and everything after it) is unreachable due to an earlier Wait(forever) and/or End
Encoding .\origrom\0748E0.dcs : OK, 72 DCS frames, 920 bytes in ROM (37.6:1 compression, 13310 avg bps)
nbanew.prg(7591): warning: This statement (and everything after it) is unreachable due to an earlier Wait(forever) and/or End
Encoding .\origrom\074C7A.dcs : OK, 61 DCS frames, 1164 bytes in ROM (25.2:1 compression, 19877 avg bps)
nbanew.prg(7596): warning: This statement (and everything after it) is unreachable due to an earlier Wait(forever) and/or End
Encoding .\origrom\075108.dcs : OK, 88 DCS frames, 1747 bytes in ROM (24.2:1 compression, 20679 avg bps)
nbanew.prg(7601): warning: This statement (and everything after it) is unreachable due to an earlier Wait(forever) and/or End
Encoding .\origrom\0757DC.dcs : OK, 76 DCS frames, 1420 bytes in ROM (25.7:1 compression, 19463 avg bps)
nbanew.prg(7606): warning: This statement (and everything after it) is unreachable due to an earlier Wait(forever) and/or End
Encoding .\origrom\075D6A.dcs : OK, 65 DCS frames, 1320 bytes in ROM (23.6:1 compression, 21154 avg bps)
nbanew.prg(7611): warning: This statement (and everything after it) is unreachable due to an earlier Wait(forever) and/or End
Encoding .\origrom\076292.dcs : OK, 70 DCS frames, 1369 bytes in ROM (24.5:1 compression, 20372 avg bps)
nbanew.prg(7616): warning: This statement (and everything after it) is unreachable due to an earlier Wait(forever) and/or End
Encoding .\origrom\0767EE.dcs : OK, 44 DCS frames, 935 bytes in ROM (22.6:1 compression, 22135 avg bps)
nbanew.prg(7621): warning: This statement (and everything after it) is unreachable due to an earlier Wait(forever) and/or End
Encoding .\origrom\07753C.dcs : OK, 34 DCS frames, 797 bytes in ROM (20.5:1 compression, 24418 avg bps)
Reusing cached encoding of .\origrom\0714A6.dcs
nbanew.prg(7627): warning: This statement (and everything after it) is unreachable due to an earlier Wait(forever) and/or End
Reusing cached encoding of .\origrom\07753C.dcs
Reusing cached encoding of .\origrom\07179C.dcs
nbanew.prg(7633): warning: This statement (and everything after it) is unreachable due to an earlier Wait(forever) and/or End
Reusing cached encoding of .\origrom\07753C.dcs
Reusing cached encoding of .\origrom\071AE2.dcs
nbanew.prg(7639): warning: This statement (and everything after it) is unreachable due to an earlier Wait(forever) and/or End
Reusing cached encoding of .\origrom\07753C.dcs
Reusing cached encoding of .\origrom\071DC0.dcs
nbanew.prg(7645): warning: This statement (and everything after it) is unreachable due to an earlier Wait(forever) and/or End
Reusing cached encoding of .\origrom\07753C.dcs
Reusing cached encoding of .\origrom\072066.dcs
nbanew.prg(7651): warning: This statement (and everything after it) is unreachable due to an earlier Wait(forever) and/or End
Reusing cached encoding of .\origrom\07753C.dcs
Reusing cached encoding of .\origrom\07249E.dcs
nbanew.prg(7657): warning: This statement (and everything after it) is unreachable due to an earlier Wait(forever) and/or End
Reusing cached encoding of .\origrom\07753C.dcs
Reusing cached encoding of .\origrom\07290C.dcs
nbanew.prg(7663): warning: This statement (and everything after it) is unreachable due to an earlier Wait(forever) and/or End
Reusing cached encoding of .\origrom\07753C.dcs
Reusing cached encoding of .\origrom\072CE6.dcs
nbanew.prg(7669): warning: This statement (and everything after it) is unreachable due to an earlier Wait(forever) and/or End
Reusing cached encoding of .\origrom\07753C.dcs
Reusing cached encoding of .\origrom\073058.dcs
nbanew.prg(7675): warning: This statement (and everything after it) is unreachable due to an earlier Wait(forever) and/or End
Encoding .\origrom\076B98.dcs : OK, 41 DCS frames, 835 bytes in ROM (23.6:1 compression, 21214 avg bps)
nbanew.prg(7680): warning: This statement (and everything after it) is unreachable due to an earlier Wait(forever) and/or End
Encoding .\origrom\07785C.dcs : OK, 32 DCS frames, 737 bytes in ROM (20.8:1 compression, 23991 avg bps)
Reusing cached encoding of .\origrom\0714A6.dcs
nbanew.prg(7686): warning: This statement (and everything after it) is unreachable due to an earlier Wait(forever) and/or End
Reusing cached encoding of .\origrom\07785C.dcs
Reusing cached encoding of .\origrom\07179C.dcs
nbanew.prg(7692): warning: This statement (and everything after it) is unreachable due to an earlier Wait(forever) and/or End
Reusing cached encoding of .\origrom\07785C.dcs
Reusing cached encoding of .\origrom\071AE2.dcs
nbanew.prg(7698): warning: This statement (and everything after it) is unreachable due to an earlier Wait(forever) and/or End
Reusing cached encoding of .\origrom\07785C.dcs
Reusing cached encoding of .\origrom\071DC0.dcs
nbanew.prg(7704): warning: This statement (and everything after it) is unreachable due to an earlier Wait(forever) and/or End
Reusing cached encoding of .\origrom\07785C.dcs
Reusing cached encoding of .\origrom\072066.dcs
nbanew.prg(7710): warning: This statement (and everything after it) is unreachable due to an earlier Wait(forever) and/or End
Reusing cached encoding of .\origrom\07785C.dcs
Reusing cached encoding of .\origrom\07249E.dcs
nbanew.prg(7716): warning: This statement (and everything after it) is unreachable due to an earlier Wait(forever) and/or End
Reusing cached encoding of .\origrom\07785C.dcs
Reusing cached encoding of .\origrom\07290C.dcs
nbanew.prg(7722): warning: This statement (and everything after it) is unreachable due to an earlier Wait(forever) and/or End
Reusing cached encoding of .\origrom\07785C.dcs
Reusing cached encoding of .\origrom\072CE6.dcs
nbanew.prg(7728): warning: This statement (and everything after it) is unreachable due to an earlier Wait(forever) and/or End
Reusing cached encoding of .\origrom\07785C.dcs
Reusing cached encoding of .\origrom\073058.dcs
nbanew.prg(7734): warning: This statement (and everything after it) is unreachable due to an earlier Wait(forever) and/or End
Encoding .\origrom\076EDE.dcs : OK, 42 DCS frames, 800 bytes in ROM (25.2:1 compression, 19841 avg bps)
nbanew.prg(7739): warning: This statement (and everything after it) is unreachable due to an earlier Wait(forever) and/or End
Encoding .\origrom\077B40.dcs : OK, 36 DCS frames, 797 bytes in ROM (21.7:1 compression, 23061 avg bps)
Reusing cached encoding of .\origrom\0714A6.dcs
nbanew.prg(7745): warning: This statement (and everything after it) is unreachable due to an earlier Wait(forever) and/or End
Reusing cached encoding of .\origrom\077B40.dcs
Reusing cached encoding of .\origrom\07179C.dcs
nbanew.prg(7751): warning: This statement (and everything after it) is unreachable due to an earlier Wait(forever) and/or End
Reusing cached encoding of .\origrom\077B40.dcs
Reusing cached encoding of .\origrom\071AE2.dcs
nbanew.prg(7757): warning: This statement (and everything after it) is unreachable due to an earlier Wait(forever) and/or End
Reusing cached encoding of .\origrom\077B40.dcs
Reusing cached encoding of .\origrom\071DC0.dcs
nbanew.prg(7763): warning: This statement (and everything after it) is unreachable due to an earlier Wait(forever) and/or End
Reusing cached encoding of .\origrom\077B40.dcs
Reusing cached encoding of .\origrom\072066.dcs
nbanew.prg(7769): warning: This statement (and everything after it) is unreachable due to an earlier Wait(forever) and/or End
Reusing cached encoding of .\origrom\077B40.dcs
Reusing cached encoding of .\origrom\07249E.dcs
nbanew.prg(7775): warning: This statement (and everything after it) is unreachable due to an earlier Wait(forever) and/or End
Reusing cached encoding of .\origrom\077B40.dcs
Reusing cached encoding of .\origrom\07290C.dcs
nbanew.prg(7781): warning: This statement (and everything after it) is unreachable due to an earlier Wait(forever) and/or End
Reusing cached encoding of .\origrom\077B40.dcs
Reusing cached encoding of .\origrom\072CE6.dcs
nbanew.prg(7787): warning: This statement (and everything after it) is unreachable due to an earlier Wait(forever) and/or End
Reusing cached encoding of .\origrom\077B40.dcs
Reusing cached encoding of .\origrom\073058.dcs
nbanew.prg(7793): warning: This statement (and everything after it) is unreachable due to an earlier Wait(forever) and/or End
Encoding .\origrom\077200.dcs : OK, 46 DCS frames, 827 bytes in ROM (26.7:1 compression, 18727 avg bps)
nbanew.prg(7798): warning: This statement (and everything after it) is unreachable due to an earlier Wait(forever) and/or End
Encoding .\origrom\077E60.dcs : OK, 39 DCS frames, 753 bytes in ROM (24.9:1 compression, 20112 avg bps)
Reusing cached encoding of .\origrom\0714A6.dcs
nbanew.prg(7804): warning: This statement (and everything after it) is unreachable due to an earlier Wait(forever) and/or End
Reusing cached encoding of .\origrom\077E60.dcs
Reusing cached encoding of .\origrom\07179C.dcs
nbanew.prg(7810): warning: This statement (and everything after it) is unreachable due to an earlier Wait(forever) and/or End
Reusing cached encoding of .\origrom\077E60.dcs
Reusing cached encoding of .\origrom\071AE2.dcs
nbanew.prg(7816): warning: This statement (and everything after it) is unreachable due to an earlier Wait(forever) and/or End
Reusing cached encoding of .\origrom\077E60.dcs
Reusing cached encoding of .\origrom\071DC0.dcs
nbanew.prg(7822): warning: This statement (and everything after it) is unreachable due to an earlier Wait(forever) and/or End
Reusing cached encoding of .\origrom\077E60.dcs
Reusing cached encoding of .\origrom\072066.dcs
nbanew.prg(7828): warning: This statement (and everything after it) is unreachable due to an earlier Wait(forever) and/or End
Reusing cached encoding of .\origrom\077E60.dcs
Reusing cached encoding of .\origrom\07249E.dcs
nbanew.prg(7834): warning: This statement (and everything after it) is unreachable due to an earlier Wait(forever) and/or End
Reusing cached encoding of .\origrom\077E60.dcs
Reusing cached encoding of .\origrom\07290C.dcs
nbanew.prg(7840): warning: This statement (and everything after it) is unreachable due to an earlier Wait(forever) and/or End
Reusing cached encoding of .\origrom\077E60.dcs
Reusing cached encoding of .\origrom\072CE6.dcs
nbanew.prg(7846): warning: This statement (and everything after it) is unreachable due to an earlier Wait(forever) and/or End
Reusing cached encoding of .\origrom\077E60.dcs
Reusing cached encoding of .\origrom\073058.dcs
nbanew.prg(7852): warning: This statement (and everything after it) is unreachable due to an earlier Wait(forever) and/or End
Encoding .\origrom\0B488C.dcs : OK, 93 DCS frames, 1596 bytes in ROM (28.0:1 compression, 17876 avg bps)
nbanew.prg(7857): warning: This statement (and everything after it) is unreachable due to an earlier Wait(forever) and/or End
Reusing cached encoding of .\origrom\1CC03A.dcs
Reusing cached encoding of .\origrom\0B488C.dcs
nbanew.prg(7863): warning: This statement (and everything after it) is unreachable due to an earlier Wait(forever) and/or End
Encoding .\origrom\0B4ECA.dcs : OK, 124 DCS frames, 2592 bytes in ROM (23.0:1 compression, 21774 avg bps)
nbanew.prg(7868): warning: This statement (and everything after it) is unreachable due to an earlier Wait(forever) and/or End
Reusing cached encoding of .\origrom\1CC03A.dcs
Reusing cached encoding of .\origrom\0B4ECA.dcs
nbanew.prg(7874): warning: This statement (and everything after it) is unreachable due to an earlier Wait(forever) and/or End
Encoding .\origrom\0B58EC.dcs : OK, 121 DCS frames, 2260 bytes in ROM (25.7:1 compression, 19456 avg bps)
nbanew.prg(7879): warning: This statement (and everything after it) is unreachable due to an earlier Wait(forever) and/or End
Reusing cached encoding of .\origrom\1CC03A.dcs
Reusing cached encoding of .\origrom\0B58EC.dcs
nbanew.prg(7885): warning: This statement (and everything after it) is unreachable due to an earlier Wait(forever) and/or End
Encoding .\origrom\0B61C2.dcs : OK, 64 DCS frames, 1069 bytes in ROM (28.7:1 compression, 17399 avg bps)
nbanew.prg(7890): warning: This statement (and everything after it) is unreachable due to an earlier Wait(forever) and/or End
Reusing cached encoding of .\origrom\1CC03A.dcs
Reusing cached encoding of .\origrom\0B61C2.dcs
nbanew.prg(7896): warning: This statement (and everything after it) is unreachable due to an earlier Wait(forever) and/or End
Encoding .\origrom\0B65F2.dcs : OK, 85 DCS frames, 1502 bytes in ROM (27.2:1 compression, 18407 avg bps)
nbanew.prg(7901): warning: This statement (and everything after it) is unreachable due to an earlier Wait(forever) and/or End
Reusing cached encoding of .\origrom\1CC03A.dcs
Reusing cached encoding of .\origrom\0B65F2.dcs
nbanew.prg(7907): warning: This statement (and everything after it) is unreachable due to an earlier Wait(forever) and/or End
Encoding .\origrom\0B6BD2.dcs : OK, 100 DCS frames, 2508 bytes in ROM (19.1:1 compression, 26125 avg bps)
nbanew.prg(7912): warning: This statement (and everything after it) is unreachable due to an earlier Wait(forever) and/or End
Reusing cached encoding of .\origrom\1CC03A.dcs
Reusing cached encoding of .\origrom\0B6BD2.dcs
nbanew.prg(7918): warning: This statement (and everything after it) is unreachable due to an earlier Wait(forever) and/or End
Encoding .\origrom\0B759E.dcs : OK, 79 DCS frames, 1639 bytes in ROM (23.1:1 compression, 21611 avg bps)
nbanew.prg(7923): warning: This statement (and everything after it) is unreachable due to an earlier Wait(forever) and/or End
Reusing cached encoding of .\origrom\1CC03A.dcs
Reusing cached encoding of .\origrom\0B759E.dcs
nbanew.prg(7929): warning: This statement (and everything after it) is unreachable due to an earlier Wait(forever) and/or End
Encoding .\origrom\0B7C08.dcs : OK, 72 DCS frames, 1713 bytes in ROM (20.2:1 compression, 24783 avg bps)
nbanew.prg(7934): warning: This statement (and everything after it) is unreachable due to an earlier Wait(forever) and/or End
Reusing cached encoding of .\origrom\1CC03A.dcs
Reusing cached encoding of .\origrom\0B7C08.dcs
nbanew.prg(7940): warning: This statement (and everything after it) is unreachable due to an earlier Wait(forever) and/or End
Encoding .\origrom\0B82BC.dcs : OK, 70 DCS frames, 1477 bytes in ROM (22.7:1 compression, 21979 avg bps)
nbanew.prg(7945): warning: This statement (and everything after it) is unreachable due to an earlier Wait(forever) and/or End
Reusing cached encoding of .\origrom\1CC03A.dcs
Reusing cached encoding of .\origrom\0B82BC.dcs
nbanew.prg(7951): warning: This statement (and everything after it) is unreachable due to an earlier Wait(forever) and/or End
Encoding .\origrom\0B8884.dcs : OK, 102 DCS frames, 2112 bytes in ROM (23.2:1 compression, 21569 avg bps)
nbanew.prg(7956): warning: This statement (and everything after it) is unreachable due to an earlier Wait(forever) and/or End
Reusing cached encoding of .\origrom\1CC03A.dcs
Reusing cached encoding of .\origrom\0B8884.dcs
nbanew.prg(7962): warning: This statement (and everything after it) is unreachable due to an earlier Wait(forever) and/or End
Encoding .\origrom\0B90C8.dcs : OK, 70 DCS frames, 1459 bytes in ROM (23.0:1 compression, 21711 avg bps)
nbanew.prg(7967): warning: This statement (and everything after it) is unreachable due to an earlier Wait(forever) and/or End
Reusing cached encoding of .\origrom\1CC03A.dcs
Reusing cached encoding of .\origrom\0B90C8.dcs
nbanew.prg(7973): warning: This statement (and everything after it) is unreachable due to an earlier Wait(forever) and/or End
Encoding .\origrom\0B967C.dcs : OK, 82 DCS frames, 1827 bytes in ROM (21.5:1 compression, 23209 avg bps)
nbanew.prg(7978): warning: This statement (and everything after it) is unreachable due to an earlier Wait(forever) and/or End
Reusing cached encoding of .\origrom\1CC03A.dcs
Reusing cached encoding of .\origrom\0B967C.dcs
nbanew.prg(7984): warning: This statement (and everything after it) is unreachable due to an earlier Wait(forever) and/or End
Encoding .\origrom\0B9DA2.dcs : OK, 76 DCS frames, 1821 bytes in ROM (20.0:1 compression, 24959 avg bps)
nbanew.prg(7989): warning: This statement (and everything after it) is unreachable due to an earlier Wait(forever) and/or End
Reusing cached encoding of .\origrom\1CC03A.dcs
Reusing cached encoding of .\origrom\0B9DA2.dcs
nbanew.prg(7995): warning: This statement (and everything after it) is unreachable due to an earlier Wait(forever) and/or End
Encoding .\origrom\0BA4C2.dcs : OK, 53 DCS frames, 1197 bytes in ROM (21.3:1 compression, 23526 avg bps)
nbanew.prg(8000): warning: This statement (and everything after it) is unreachable due to an earlier Wait(forever) and/or End
Reusing cached encoding of .\origrom\1CC03A.dcs
Reusing cached encoding of .\origrom\0BA4C2.dcs
nbanew.prg(8006): warning: This statement (and everything after it) is unreachable due to an earlier Wait(forever) and/or End
Encoding .\origrom\0BA972.dcs : OK, 74 DCS frames, 1839 bytes in ROM (19.3:1 compression, 25887 avg bps)
nbanew.prg(8011): warning: This statement (and everything after it) is unreachable due to an earlier Wait(forever) and/or End
Reusing cached encoding of .\origrom\1CC03A.dcs
Reusing cached encoding of .\origrom\0BA972.dcs
nbanew.prg(8017): warning: This statement (and everything after it) is unreachable due to an earlier Wait(forever) and/or End
Encoding .\origrom\0BB0A2.dcs : OK, 51 DCS frames, 1255 bytes in ROM (19.5:1 compression, 25633 avg bps)
nbanew.prg(8022): warning: This statement (and everything after it) is unreachable due to an earlier Wait(forever) and/or End
Reusing cached encoding of .\origrom\1CC03A.dcs
Reusing cached encoding of .\origrom\0BB0A2.dcs
nbanew.prg(8028): warning: This statement (and everything after it) is unreachable due to an earlier Wait(forever) and/or End
Encoding .\origrom\0BB58C.dcs : OK, 65 DCS frames, 1267 bytes in ROM (24.6:1 compression, 20304 avg bps)
nbanew.prg(8033): warning: This statement (and everything after it) is unreachable due to an earlier Wait(forever) and/or End
Reusing cached encoding of .\origrom\1CC03A.dcs
Reusing cached encoding of .\origrom\0BB58C.dcs
nbanew.prg(8039): warning: This statement (and everything after it) is unreachable due to an earlier Wait(forever) and/or End
Encoding .\origrom\0BBA82.dcs : OK, 98 DCS frames, 2330 bytes in ROM (20.2:1 compression, 24766 avg bps)
nbanew.prg(8044): warning: This statement (and everything after it) is unreachable due to an earlier Wait(forever) and/or End
Reusing cached encoding of .\origrom\1CC03A.dcs
Reusing cached encoding of .\origrom\0BBA82.dcs
nbanew.prg(8050): warning: This statement (and everything after it) is unreachable due to an earlier Wait(forever) and/or End
Encoding .\origrom\0BC39E.dcs : OK, 84 DCS frames, 2314 bytes in ROM (17.4:1 compression, 28695 avg bps)
nbanew.prg(8055): warning: This statement (and everything after it) is unreachable due to an earlier Wait(forever) and/or End
Reusing cached encoding of .\origrom\1CC03A.dcs
Reusing cached encoding of .\origrom\0BC39E.dcs
nbanew.prg(8061): warning: This statement (and everything after it) is unreachable due to an earlier Wait(forever) and/or End
Encoding .\origrom\0BCCAA.dcs : OK, 67 DCS frames, 1892 bytes in ROM (17.0:1 compression, 29415 avg bps)
nbanew.prg(8066): warning: This statement (and everything after it) is unreachable due to an earlier Wait(forever) and/or End
Reusing cached encoding of .\origrom\1CC03A.dcs
Reusing cached encoding of .\origrom\0BCCAA.dcs
nbanew.prg(8072): warning: This statement (and everything after it) is unreachable due to an earlier Wait(forever) and/or End
Encoding .\origrom\0BD412.dcs : OK, 77 DCS frames, 1489 bytes in ROM (24.8:1 compression, 20143 avg bps)
nbanew.prg(8077): warning: This statement (and everything after it) is unreachable due to an earlier Wait(forever) and/or End
Reusing cached encoding of .\origrom\1CC03A.dcs
Reusing cached encoding of .\origrom\0BD412.dcs
nbanew.prg(8083): warning: This statement (and everything after it) is unreachable due to an earlier Wait(forever) and/or End
Encoding .\origrom\0B0618.dcs : OK, 75 DCS frames, 1540 bytes in ROM (23.4:1 compression, 21389 avg bps)
nbanew.prg(8088): warning: This statement (and everything after it) is unreachable due to an earlier Wait(forever) and/or End
Reusing cached encoding of .\origrom\1CC03A.dcs
Reusing cached encoding of .\origrom\0B0618.dcs
nbanew.prg(8094): warning: This statement (and everything after it) is unreachable due to an earlier Wait(forever) and/or End
Encoding .\origrom\059F22.dcs : OK, 57 DCS frames, 1067 bytes in ROM (25.6:1 compression, 19499 avg bps)
nbanew.prg(8099): warning: This statement (and everything after it) is unreachable due to an earlier Wait(forever) and/or End
Encoding .\origrom\2528C2.dcs : OK, 190 DCS frames, 4952 bytes in ROM (18.4:1 compression, 27149 avg bps)
nbanew.prg(8104): warning: This statement (and everything after it) is unreachable due to an earlier Wait(forever) and/or End
Encoding .\origrom\282974.dcs : OK, 140 DCS frames, 2787 bytes in ROM (24.1:1 compression, 20737 avg bps)
nbanew.prg(8109): warning: This statement (and everything after it) is unreachable due to an earlier Wait(forever) and/or End
Encoding .\origrom\373888.dcs : OK, 101 DCS frames, 2294 bytes in ROM (21.1:1 compression, 23659 avg bps)
nbanew.prg(8114): warning: This statement (and everything after it) is unreachable due to an earlier Wait(forever) and/or End
Encoding .\origrom\16A068.dcs : OK, 58 DCS frames, 1309 bytes in ROM (21.3:1 compression, 23509 avg bps)
nbanew.prg(8119): warning: This statement (and everything after it) is unreachable due to an earlier Wait(forever) and/or End
Encoding .\origrom\16A588.dcs : OK, 126 DCS frames, 2332 bytes in ROM (25.9:1 compression, 19279 avg bps)
nbanew.prg(8124): warning: This statement (and everything after it) is unreachable due to an earlier Wait(forever) and/or End
Encoding .\origrom\253C1C.dcs : OK, 105 DCS frames, 2327 bytes in ROM (21.7:1 compression, 23085 avg bps)
nbanew.prg(8129): warning: This statement (and everything after it) is unreachable due to an earlier Wait(forever) and/or End
Encoding .\origrom\254534.dcs : OK, 144 DCS frames, 3120 bytes in ROM (22.2:1 compression, 22569 avg bps)
nbanew.prg(8134): warning: This statement (and everything after it) is unreachable due to an earlier Wait(forever) and/or End
Encoding .\origrom\13ECE2.dcs : OK, 82 DCS frames, 2311 bytes in ROM (17.0:1 compression, 29357 avg bps)
nbanew.prg(8139): warning: This statement (and everything after it) is unreachable due to an earlier Wait(forever) and/or End
Encoding .\origrom\16AEA6.dcs : OK, 100 DCS frames, 2112 bytes in ROM (22.7:1 compression, 22000 avg bps)
nbanew.prg(8144): warning: This statement (and everything after it) is unreachable due to an earlier Wait(forever) and/or End
Encoding .\origrom\341BCA.dcs : OK, 180 DCS frames, 4292 bytes in ROM (20.1:1 compression, 24838 avg bps)
nbanew.prg(8149): warning: This statement (and everything after it) is unreachable due to an earlier Wait(forever) and/or End
Encoding .\origrom\342C90.dcs : OK, 113 DCS frames, 2845 bytes in ROM (19.1:1 compression, 26226 avg bps)
nbanew.prg(8154): warning: This statement (and everything after it) is unreachable due to an earlier Wait(forever) and/or End
Encoding .\origrom\13F5EA.dcs : OK, 143 DCS frames, 3626 bytes in ROM (18.9:1 compression, 26413 avg bps)
nbanew.prg(8159): warning: This statement (and everything after it) is unreachable due to an earlier Wait(forever) and/or End
Encoding .\origrom\140416.dcs : OK, 170 DCS frames, 4825 bytes in ROM (16.9:1 compression, 29565 avg bps)
nbanew.prg(8164): warning: This statement (and everything after it) is unreachable due to an earlier Wait(forever) and/or End
Encoding .\origrom\1416F2.dcs : OK, 143 DCS frames, 3653 bytes in ROM (18.8:1 compression, 26610 avg bps)
nbanew.prg(8169): warning: This statement (and everything after it) is unreachable due to an earlier Wait(forever) and/or End
Encoding .\origrom\16B6E8.dcs : OK, 88 DCS frames, 2485 bytes in ROM (17.0:1 compression, 29415 avg bps)
nbanew.prg(8174): warning: This statement (and everything after it) is unreachable due to an earlier Wait(forever) and/or End
Encoding .\origrom\277E34.dcs : OK, 80 DCS frames, 1750 bytes in ROM (21.9:1 compression, 22786 avg bps)
nbanew.prg(8179): warning: This statement (and everything after it) is unreachable due to an earlier Wait(forever) and/or End
Encoding .\origrom\3656DC.dcs : OK, 76 DCS frames, 1953 bytes in ROM (18.7:1 compression, 26768 avg bps)
Reusing cached encoding of .\origrom\277E34.dcs
nbanew.prg(8185): warning: This statement (and everything after it) is unreachable due to an earlier Wait(forever) and/or End
Encoding .\origrom\3442C8.dcs : OK, 126 DCS frames, 2973 bytes in ROM (20.3:1 compression, 24578 avg bps)
nbanew.prg(8190): warning: This statement (and everything after it) is unreachable due to an earlier Wait(forever) and/or End
Encoding .\origrom\374180.dcs : OK, 146 DCS frames, 3789 bytes in ROM (18.5:1 compression, 27033 avg bps)
nbanew.prg(8195): warning: This statement (and everything after it) is unreachable due to an earlier Wait(forever) and/or End
Encoding .\origrom\344E66.dcs : OK, 89 DCS frames, 2213 bytes in ROM (19.3:1 compression, 25901 avg bps)
nbanew.prg(8200): warning: This statement (and everything after it) is unreachable due to an earlier Wait(forever) and/or End
Encoding .\origrom\255900.dcs : OK, 138 DCS frames, 3158 bytes in ROM (21.0:1 compression, 23838 avg bps)
nbanew.prg(8205): warning: This statement (and everything after it) is unreachable due to an earlier Wait(forever) and/or End
Reusing cached encoding of .\origrom\243796.dcs
nbanew.prg(8210): warning: This statement (and everything after it) is unreachable due to an earlier Wait(forever) and/or End
Encoding .\origrom\28345A.dcs : OK, 138 DCS frames, 3088 bytes in ROM (21.5:1 compression, 23309 avg bps)
nbanew.prg(8215): warning: This statement (and everything after it) is unreachable due to an earlier Wait(forever) and/or End
Encoding .\origrom\16C0A0.dcs : OK, 134 DCS frames, 2606 bytes in ROM (24.7:1 compression, 20258 avg bps)
nbanew.prg(8220): warning: This statement (and everything after it) is unreachable due to an earlier Wait(forever) and/or End
Encoding .\origrom\05A350.dcs : OK, 43 DCS frames, 1273 bytes in ROM (16.2:1 compression, 30838 avg bps)
Encoding .\origrom\34570E.dcs : OK, 143 DCS frames, 3443 bytes in ROM (19.9:1 compression, 25080 avg bps)
nbanew.prg(8226): warning: This statement (and everything after it) is unreachable due to an earlier Wait(forever) and/or End
Reusing cached encoding of .\origrom\34570E.dcs
nbanew.prg(8231): warning: This statement (and everything after it) is unreachable due to an earlier Wait(forever) and/or End
Encoding .\origrom\256558.dcs : OK, 171 DCS frames, 4593 bytes in ROM (17.9:1 compression, 27979 avg bps)
nbanew.prg(8236): warning: This statement (and everything after it) is unreachable due to an earlier Wait(forever) and/or End
Encoding .\origrom\375050.dcs : OK, 153 DCS frames, 4586 bytes in ROM (16.0:1 compression, 31223 avg bps)
nbanew.prg(8241): warning: This statement (and everything after it) is unreachable due to an earlier Wait(forever) and/or End
Encoding .\origrom\142538.dcs : OK, 184 DCS frames, 5167 bytes in ROM (17.1:1 compression, 29252 avg bps)
nbanew.prg(8246): warning: This statement (and everything after it) is unreachable due to an earlier Wait(forever) and/or End
Encoding .\origrom\143968.dcs : OK, 107 DCS frames, 2428 bytes in ROM (21.2:1 compression, 23637 avg bps)
nbanew.prg(8251): warning: This statement (and everything after it) is unreachable due to an earlier Wait(forever) and/or End
Encoding .\origrom\1442E6.dcs : OK, 144 DCS frames, 4017 bytes in ROM (17.2:1 compression, 29058 avg bps)
nbanew.prg(8256): warning: This statement (and everything after it) is unreachable due to an earlier Wait(forever) and/or End
Encoding .\origrom\37623C.dcs : OK, 85 DCS frames, 2011 bytes in ROM (20.3:1 compression, 24645 avg bps)
nbanew.prg(8261): warning: This statement (and everything after it) is unreachable due to an earlier Wait(forever) and/or End
Encoding .\origrom\346482.dcs : OK, 116 DCS frames, 2641 bytes in ROM (21.1:1 compression, 23716 avg bps)
nbanew.prg(8266): warning: This statement (and everything after it) is unreachable due to an earlier Wait(forever) and/or End
Encoding .\origrom\28406C.dcs : OK, 133 DCS frames, 3036 bytes in ROM (21.0:1 compression, 23778 avg bps)
nbanew.prg(8271): warning: This statement (and everything after it) is unreachable due to an earlier Wait(forever) and/or End
Encoding .\origrom\346ED6.dcs : OK, 186 DCS frames, 4689 bytes in ROM (19.0:1 compression, 26260 avg bps)
nbanew.prg(8276): warning: This statement (and everything after it) is unreachable due to an earlier Wait(forever) and/or End
Encoding .\origrom\34812A.dcs : OK, 132 DCS frames, 3803 bytes in ROM (16.7:1 compression, 30011 avg bps)
nbanew.prg(8281): warning: This statement (and everything after it) is unreachable due to an earlier Wait(forever) and/or End
Encoding .\origrom\14529A.dcs : OK, 205 DCS frames, 5088 bytes in ROM (19.3:1 compression, 25854 avg bps)
nbanew.prg(8286): warning: This statement (and everything after it) is unreachable due to an earlier Wait(forever) and/or End
Encoding .\origrom\284C4A.dcs : OK, 134 DCS frames, 2464 bytes in ROM (26.1:1 compression, 19154 avg bps)
nbanew.prg(8291): warning: This statement (and everything after it) is unreachable due to an earlier Wait(forever) and/or End
Encoding .\origrom\14667C.dcs : OK, 186 DCS frames, 4485 bytes in ROM (19.9:1 compression, 25118 avg bps)
nbanew.prg(8296): warning: This statement (and everything after it) is unreachable due to an earlier Wait(forever) and/or End
Encoding .\origrom\16CAD0.dcs : OK, 196 DCS frames, 4493 bytes in ROM (20.9:1 compression, 23879 avg bps)
nbanew.prg(8301): warning: This statement (and everything after it) is unreachable due to an earlier Wait(forever) and/or End
Encoding .\origrom\16DC60.dcs : OK, 218 DCS frames, 4574 bytes in ROM (22.9:1 compression, 21856 avg bps)
nbanew.prg(8306): warning: This statement (and everything after it) is unreachable due to an earlier Wait(forever) and/or End
Encoding .\origrom\376A1A.dcs : OK, 87 DCS frames, 1697 bytes in ROM (24.6:1 compression, 20318 avg bps)
nbanew.prg(8311): warning: This statement (and everything after it) is unreachable due to an earlier Wait(forever) and/or End
Encoding .\origrom\349008.dcs : OK, 191 DCS frames, 4459 bytes in ROM (20.6:1 compression, 24318 avg bps)
nbanew.prg(8316): warning: This statement (and everything after it) is unreachable due to an earlier Wait(forever) and/or End
Encoding .\origrom\147802.dcs : OK, 143 DCS frames, 3795 bytes in ROM (18.1:1 compression, 27644 avg bps)
nbanew.prg(8321): warning: This statement (and everything after it) is unreachable due to an earlier Wait(forever) and/or End
Encoding .\origrom\3770BE.dcs : OK, 188 DCS frames, 4532 bytes in ROM (19.9:1 compression, 25111 avg bps)
nbanew.prg(8326): warning: This statement (and everything after it) is unreachable due to an earlier Wait(forever) and/or End
Encoding .\origrom\378274.dcs : OK, 198 DCS frames, 5273 bytes in ROM (18.0:1 compression, 27741 avg bps)
nbanew.prg(8331): warning: This statement (and everything after it) is unreachable due to an earlier Wait(forever) and/or End
Encoding .\origrom\379710.dcs : OK, 150 DCS frames, 3848 bytes in ROM (18.7:1 compression, 26722 avg bps)
nbanew.prg(8336): warning: This statement (and everything after it) is unreachable due to an earlier Wait(forever) and/or End
Encoding .\origrom\16EE40.dcs : OK, 130 DCS frames, 3041 bytes in ROM (20.5:1 compression, 24367 avg bps)
nbanew.prg(8341): warning: This statement (and everything after it) is unreachable due to an earlier Wait(forever) and/or End
Encoding .\origrom\25774C.dcs : OK, 163 DCS frames, 3629 bytes in ROM (21.6:1 compression, 23191 avg bps)
nbanew.prg(8346): warning: This statement (and everything after it) is unreachable due to an earlier Wait(forever) and/or End
Encoding .\origrom\2855EC.dcs : OK, 143 DCS frames, 3274 bytes in ROM (21.0:1 compression, 23849 avg bps)
nbanew.prg(8351): warning: This statement (and everything after it) is unreachable due to an earlier Wait(forever) and/or End
Encoding .\origrom\1486D8.dcs : OK, 34 DCS frames, 489 bytes in ROM (33.4:1 compression, 14982 avg bps)
Encoding .\origrom\34A174.dcs : OK, 81 DCS frames, 1775 bytes in ROM (21.9:1 compression, 22827 avg bps)
nbanew.prg(8357): warning: This statement (and everything after it) is unreachable due to an earlier Wait(forever) and/or End
Reusing cached encoding of .\origrom\34A174.dcs
nbanew.prg(8362): warning: This statement (and everything after it) is unreachable due to an earlier Wait(forever) and/or End
Encoding .\origrom\16FA24.dcs : OK, 159 DCS frames, 3688 bytes in ROM (20.7:1 compression, 24161 avg bps)
nbanew.prg(8367): warning: This statement (and everything after it) is unreachable due to an earlier Wait(forever) and/or End
Encoding .\origrom\37A61C.dcs : OK, 148 DCS frames, 3574 bytes in ROM (19.9:1 compression, 25155 avg bps)
nbanew.prg(8372): warning: This statement (and everything after it) is unreachable due to an earlier Wait(forever) and/or End
Encoding .\origrom\1488C4.dcs : OK, 121 DCS frames, 3007 bytes in ROM (19.3:1 compression, 25887 avg bps)
nbanew.prg(8377): warning: This statement (and everything after it) is unreachable due to an earlier Wait(forever) and/or End
Encoding .\origrom\37B414.dcs : OK, 188 DCS frames, 4419 bytes in ROM (20.4:1 compression, 24485 avg bps)
nbanew.prg(8382): warning: This statement (and everything after it) is unreachable due to an earlier Wait(forever) and/or End
Encoding .\origrom\149484.dcs : OK, 152 DCS frames, 3590 bytes in ROM (20.3:1 compression, 24603 avg bps)
nbanew.prg(8387): warning: This statement (and everything after it) is unreachable due to an earlier Wait(forever) and/or End
Encoding .\origrom\2862B8.dcs : OK, 153 DCS frames, 3789 bytes in ROM (19.4:1 compression, 25797 avg bps)
Encoding .\origrom\17088E.dcs : OK, 119 DCS frames, 3199 bytes in ROM (17.9:1 compression, 28002 avg bps)
nbanew.prg(8393): warning: This statement (and everything after it) is unreachable due to an earlier Wait(forever) and/or End
Reusing cached encoding of .\origrom\17088E.dcs
nbanew.prg(8398): warning: This statement (and everything after it) is unreachable due to an earlier Wait(forever) and/or End
Encoding .\origrom\171510.dcs : OK, 117 DCS frames, 2850 bytes in ROM (19.7:1 compression, 25374 avg bps)
Reusing cached encoding of .\origrom\17088E.dcs
nbanew.prg(8404): warning: This statement (and everything after it) is unreachable due to an earlier Wait(forever) and/or End
Encoding .\origrom\172034.dcs : OK, 112 DCS frames, 2878 bytes in ROM (18.7:1 compression, 26767 avg bps)
Reusing cached encoding of .\origrom\17088E.dcs
nbanew.prg(8410): warning: This statement (and everything after it) is unreachable due to an earlier Wait(forever) and/or End
Encoding .\origrom\172B74.dcs : OK, 186 DCS frames, 4251 bytes in ROM (21.0:1 compression, 23807 avg bps)
nbanew.prg(8415): warning: This statement (and everything after it) is unreachable due to an earlier Wait(forever) and/or End
Encoding .\origrom\34A866.dcs : OK, 172 DCS frames, 4875 bytes in ROM (16.9:1 compression, 29524 avg bps)
nbanew.prg(8420): warning: This statement (and everything after it) is unreachable due to an earlier Wait(forever) and/or End
Encoding .\origrom\34BB74.dcs : OK, 141 DCS frames, 3072 bytes in ROM (22.0:1 compression, 22695 avg bps)
nbanew.prg(8425): warning: This statement (and everything after it) is unreachable due to an earlier Wait(forever) and/or End
Encoding .\origrom\34C778.dcs : OK, 174 DCS frames, 3654 bytes in ROM (22.9:1 compression, 21875 avg bps)
nbanew.prg(8430): warning: This statement (and everything after it) is unreachable due to an earlier Wait(forever) and/or End
Encoding .\origrom\287188.dcs : OK, 197 DCS frames, 5486 bytes in ROM (17.2:1 compression, 29008 avg bps)
nbanew.prg(8435): warning: This statement (and everything after it) is unreachable due to an earlier Wait(forever) and/or End
Encoding .\origrom\14A28C.dcs : OK, 202 DCS frames, 4759 bytes in ROM (20.4:1 compression, 24541 avg bps)
nbanew.prg(8440): warning: This statement (and everything after it) is unreachable due to an earlier Wait(forever) and/or End
Encoding .\origrom\34D5C2.dcs : OK, 204 DCS frames, 5160 bytes in ROM (19.0:1 compression, 26348 avg bps)
nbanew.prg(8445): warning: This statement (and everything after it) is unreachable due to an earlier Wait(forever) and/or End
Encoding .\origrom\25857C.dcs : OK, 141 DCS frames, 3453 bytes in ROM (19.6:1 compression, 25510 avg bps)
nbanew.prg(8450): warning: This statement (and everything after it) is unreachable due to an earlier Wait(forever) and/or End
Encoding .\origrom\2592FC.dcs : OK, 154 DCS frames, 4418 bytes in ROM (16.7:1 compression, 29884 avg bps)
nbanew.prg(8455): warning: This statement (and everything after it) is unreachable due to an earlier Wait(forever) and/or End
Encoding .\origrom\37C558.dcs : OK, 84 DCS frames, 2090 bytes in ROM (19.3:1 compression, 25918 avg bps)
nbanew.prg(8460): warning: This statement (and everything after it) is unreachable due to an earlier Wait(forever) and/or End
Encoding .\origrom\25A440.dcs : OK, 116 DCS frames, 2711 bytes in ROM (20.5:1 compression, 24344 avg bps)
nbanew.prg(8465): warning: This statement (and everything after it) is unreachable due to an earlier Wait(forever) and/or End
Encoding .\origrom\37CD84.dcs : OK, 184 DCS frames, 4316 bytes in ROM (20.5:1 compression, 24434 avg bps)
nbanew.prg(8470): warning: This statement (and everything after it) is unreachable due to an earlier Wait(forever) and/or End
Encoding .\origrom\173C12.dcs : OK, 77 DCS frames, 2159 bytes in ROM (17.1:1 compression, 29207 avg bps)
Encoding .\origrom\2886F8.dcs : OK, 132 DCS frames, 3046 bytes in ROM (20.8:1 compression, 24037 avg bps)
nbanew.prg(8476): warning: This statement (and everything after it) is unreachable due to an earlier Wait(forever) and/or End
Encoding .\origrom\25AEDA.dcs : OK, 206 DCS frames, 4498 bytes in ROM (22.0:1 compression, 22745 avg bps)
nbanew.prg(8481): warning: This statement (and everything after it) is unreachable due to an earlier Wait(forever) and/or End
Encoding .\origrom\14B524.dcs : OK, 140 DCS frames, 3128 bytes in ROM (21.5:1 compression, 23274 avg bps)
nbanew.prg(8486): warning: This statement (and everything after it) is unreachable due to an earlier Wait(forever) and/or End
Encoding .\origrom\2892E0.dcs : OK, 100 DCS frames, 2471 bytes in ROM (19.4:1 compression, 25740 avg bps)
nbanew.prg(8491): warning: This statement (and everything after it) is unreachable due to an earlier Wait(forever) and/or End
Encoding .\origrom\174484.dcs : OK, 171 DCS frames, 4407 bytes in ROM (18.6:1 compression, 26846 avg bps)
nbanew.prg(8496): warning: This statement (and everything after it) is unreachable due to an earlier Wait(forever) and/or End
Encoding .\origrom\1755BC.dcs : OK, 152 DCS frames, 3439 bytes in ROM (21.2:1 compression, 23568 avg bps)
nbanew.prg(8501): warning: This statement (and everything after it) is unreachable due to an earlier Wait(forever) and/or End
Encoding .\origrom\289C8A.dcs : OK, 65 DCS frames, 2125 bytes in ROM (14.7:1 compression, 34054 avg bps)
Encoding .\origrom\37DE62.dcs : OK, 116 DCS frames, 2870 bytes in ROM (19.4:1 compression, 25772 avg bps)
nbanew.prg(8507): warning: This statement (and everything after it) is unreachable due to an earlier Wait(forever) and/or End
Reusing cached encoding of .\origrom\37DE62.dcs
nbanew.prg(8512): warning: This statement (and everything after it) is unreachable due to an earlier Wait(forever) and/or End
Reusing cached encoding of .\origrom\289C8A.dcs
Encoding .\origrom\28A4E6.dcs : OK, 117 DCS frames, 2690 bytes in ROM (20.9:1 compression, 23949 avg bps)
nbanew.prg(8518): warning: This statement (and everything after it) is unreachable due to an earlier Wait(forever) and/or End
Reusing cached encoding of .\origrom\28A4E6.dcs
nbanew.prg(8523): warning: This statement (and everything after it) is unreachable due to an earlier Wait(forever) and/or End
Encoding .\origrom\14C15E.dcs : OK, 188 DCS frames, 4454 bytes in ROM (20.3:1 compression, 24679 avg bps)
nbanew.prg(8528): warning: This statement (and everything after it) is unreachable due to an earlier Wait(forever) and/or End
Encoding .\origrom\34E9EC.dcs : OK, 157 DCS frames, 3595 bytes in ROM (21.0:1 compression, 23852 avg bps)
nbanew.prg(8533): warning: This statement (and everything after it) is unreachable due to an earlier Wait(forever) and/or End
Encoding .\origrom\17632E.dcs : OK, 44 DCS frames, 1226 bytes in ROM (17.2:1 compression, 29025 avg bps)
Encoding .\origrom\37E99A.dcs : OK, 95 DCS frames, 2413 bytes in ROM (18.9:1 compression, 26458 avg bps)
nbanew.prg(8539): warning: This statement (and everything after it) is unreachable due to an earlier Wait(forever) and/or End
Encoding .\origrom\17680A.dcs : OK, 133 DCS frames, 3043 bytes in ROM (21.0:1 compression, 23833 avg bps)
nbanew.prg(8544): warning: This statement (and everything after it) is unreachable due to an earlier Wait(forever) and/or End
Encoding .\origrom\1773F0.dcs : OK, 158 DCS frames, 2948 bytes in ROM (25.7:1 compression, 19436 avg bps)
nbanew.prg(8549): warning: This statement (and everything after it) is unreachable due to an earlier Wait(forever) and/or End
Encoding .\origrom\14D2C6.dcs : OK, 153 DCS frames, 3708 bytes in ROM (19.8:1 compression, 25245 avg bps)
nbanew.prg(8554): warning: This statement (and everything after it) is unreachable due to an earlier Wait(forever) and/or End
Encoding .\origrom\34F7FA.dcs : OK, 189 DCS frames, 5096 bytes in ROM (17.8:1 compression, 28086 avg bps)
nbanew.prg(8559): warning: This statement (and everything after it) is unreachable due to an earlier Wait(forever) and/or End
Encoding .\origrom\177F76.dcs : OK, 207 DCS frames, 5236 bytes in ROM (19.0:1 compression, 26349 avg bps)
nbanew.prg(8564): warning: This statement (and everything after it) is unreachable due to an earlier Wait(forever) and/or End
Encoding .\origrom\14E144.dcs : OK, 165 DCS frames, 4354 bytes in ROM (18.2:1 compression, 27487 avg bps)
nbanew.prg(8569): warning: This statement (and everything after it) is unreachable due to an earlier Wait(forever) and/or End
Encoding .\origrom\28AF6A.dcs : OK, 209 DCS frames, 4789 bytes in ROM (20.9:1 compression, 23869 avg bps)
nbanew.prg(8574): warning: This statement (and everything after it) is unreachable due to an earlier Wait(forever) and/or End
Encoding .\origrom\350BE4.dcs : OK, 171 DCS frames, 3820 bytes in ROM (21.5:1 compression, 23270 avg bps)
nbanew.prg(8579): warning: This statement (and everything after it) is unreachable due to an earlier Wait(forever) and/or End
Encoding .\origrom\28C222.dcs : OK, 109 DCS frames, 2406 bytes in ROM (21.7:1 compression, 22993 avg bps)
nbanew.prg(8584): warning: This statement (and everything after it) is unreachable due to an earlier Wait(forever) and/or End
Encoding .\origrom\05B6B6.dcs : OK, 21 DCS frames, 449 bytes in ROM (22.4:1 compression, 22272 avg bps)
Encoding .\origrom\27850C.dcs : OK, 101 DCS frames, 2995 bytes in ROM (16.2:1 compression, 30889 avg bps)
nbanew.prg(8590): warning: This statement (and everything after it) is unreachable due to an earlier Wait(forever) and/or End
Reusing cached encoding of .\origrom\05B6B6.dcs
Encoding .\origrom\05B87A.dcs : OK, 123 DCS frames, 2989 bytes in ROM (19.8:1 compression, 25313 avg bps)
nbanew.prg(8596): warning: This statement (and everything after it) is unreachable due to an earlier Wait(forever) and/or End
Encoding .\origrom\28CB8C.dcs : OK, 135 DCS frames, 3747 bytes in ROM (17.3:1 compression, 28912 avg bps)
nbanew.prg(8601): warning: This statement (and everything after it) is unreachable due to an earlier Wait(forever) and/or End
Reusing cached encoding of .\origrom\05B6B6.dcs
Encoding .\origrom\15FC40.dcs : OK, 111 DCS frames, 2560 bytes in ROM (20.8:1 compression, 24024 avg bps)
nbanew.prg(8607): warning: This statement (and everything after it) is unreachable due to an earlier Wait(forever) and/or End
Encoding .\origrom\2927FA.dcs : OK, 109 DCS frames, 3072 bytes in ROM (17.0:1 compression, 29358 avg bps)
nbanew.prg(8612): warning: This statement (and everything after it) is unreachable due to an earlier Wait(forever) and/or End
Encoding .\origrom\351AD2.dcs : OK, 106 DCS frames, 2818 bytes in ROM (18.1:1 compression, 27693 avg bps)
nbanew.prg(8617): warning: This statement (and everything after it) is unreachable due to an earlier Wait(forever) and/or End
Encoding .\origrom\1793EC.dcs : OK, 100 DCS frames, 2482 bytes in ROM (19.3:1 compression, 25854 avg bps)
nbanew.prg(8622): warning: This statement (and everything after it) is unreachable due to an earlier Wait(forever) and/or End
Encoding .\origrom\28DA32.dcs : OK, 129 DCS frames, 3442 bytes in ROM (18.0:1 compression, 27794 avg bps)
nbanew.prg(8627): warning: This statement (and everything after it) is unreachable due to an earlier Wait(forever) and/or End
Encoding .\origrom\28E7A6.dcs : OK, 184 DCS frames, 4666 bytes in ROM (18.9:1 compression, 26415 avg bps)
nbanew.prg(8632): warning: This statement (and everything after it) is unreachable due to an earlier Wait(forever) and/or End
Encoding .\origrom\25C06E.dcs : OK, 149 DCS frames, 3152 bytes in ROM (22.7:1 compression, 22036 avg bps)
nbanew.prg(8637): warning: This statement (and everything after it) is unreachable due to an earlier Wait(forever) and/or End
Encoding .\origrom\37F30A.dcs : OK, 71 DCS frames, 1658 bytes in ROM (20.6:1 compression, 24325 avg bps)
nbanew.prg(8642): warning: This statement (and everything after it) is unreachable due to an earlier Wait(forever) and/or End
Encoding .\origrom\3525D6.dcs : OK, 158 DCS frames, 4036 bytes in ROM (18.8:1 compression, 26609 avg bps)
nbanew.prg(8647): warning: This statement (and everything after it) is unreachable due to an earlier Wait(forever) and/or End
Encoding .\origrom\37F986.dcs : OK, 133 DCS frames, 3211 bytes in ROM (19.9:1 compression, 25149 avg bps)
nbanew.prg(8652): warning: This statement (and everything after it) is unreachable due to an earlier Wait(forever) and/or End
Encoding .\origrom\14F248.dcs : OK, 132 DCS frames, 3166 bytes in ROM (20.0:1 compression, 24984 avg bps)
nbanew.prg(8657): warning: This statement (and everything after it) is unreachable due to an earlier Wait(forever) and/or End
Encoding .\origrom\179DA0.dcs : OK, 137 DCS frames, 3268 bytes in ROM (20.1:1 compression, 24848 avg bps)
nbanew.prg(8662): warning: This statement (and everything after it) is unreachable due to an earlier Wait(forever) and/or End
Encoding .\origrom\150D0C.dcs : OK, 140 DCS frames, 3262 bytes in ROM (20.6:1 compression, 24271 avg bps)
nbanew.prg(8667): warning: This statement (and everything after it) is unreachable due to an earlier Wait(forever) and/or End
Encoding .\origrom\28F9E4.dcs : OK, 157 DCS frames, 3808 bytes in ROM (19.8:1 compression, 25265 avg bps)
nbanew.prg(8672): warning: This statement (and everything after it) is unreachable due to an earlier Wait(forever) and/or End
Encoding .\origrom\2908C6.dcs : OK, 172 DCS frames, 4268 bytes in ROM (19.3:1 compression, 25848 avg bps)
nbanew.prg(8677): warning: This statement (and everything after it) is unreachable due to an earlier Wait(forever) and/or End
Encoding .\origrom\35359C.dcs : OK, 140 DCS frames, 4294 bytes in ROM (15.6:1 compression, 31949 avg bps)
nbanew.prg(8682): warning: This statement (and everything after it) is unreachable due to an earlier Wait(forever) and/or End
Encoding .\origrom\25CCC0.dcs : OK, 162 DCS frames, 4372 bytes in ROM (17.8:1 compression, 28112 avg bps)
nbanew.prg(8687): warning: This statement (and everything after it) is unreachable due to an earlier Wait(forever) and/or End
Encoding .\origrom\354666.dcs : OK, 143 DCS frames, 4158 bytes in ROM (16.5:1 compression, 30288 avg bps)
nbanew.prg(8692): warning: This statement (and everything after it) is unreachable due to an earlier Wait(forever) and/or End
Encoding .\origrom\25DDD6.dcs : OK, 177 DCS frames, 4094 bytes in ROM (20.8:1 compression, 24094 avg bps)
nbanew.prg(8697): warning: This statement (and everything after it) is unreachable due to an earlier Wait(forever) and/or End
Encoding .\origrom\380614.dcs : OK, 203 DCS frames, 4150 bytes in ROM (23.5:1 compression, 21295 avg bps)
nbanew.prg(8702): warning: This statement (and everything after it) is unreachable due to an earlier Wait(forever) and/or End
Encoding .\origrom\331F2A.dcs : OK, 234 DCS frames, 5492 bytes in ROM (20.5:1 compression, 24448 avg bps)
nbanew.prg(8707): warning: This statement (and everything after it) is unreachable due to an earlier Wait(forever) and/or End
Encoding .\origrom\291974.dcs : OK, 167 DCS frames, 3715 bytes in ROM (21.6:1 compression, 23172 avg bps)
nbanew.prg(8712): warning: This statement (and everything after it) is unreachable due to an earlier Wait(forever) and/or End
Encoding .\origrom\17AA66.dcs : OK, 79 DCS frames, 2117 bytes in ROM (17.9:1 compression, 27914 avg bps)
nbanew.prg(8717): warning: This statement (and everything after it) is unreachable due to an earlier Wait(forever) and/or End
Encoding .\origrom\17BCD4.dcs : OK, 102 DCS frames, 2633 bytes in ROM (18.6:1 compression, 26889 avg bps)
nbanew.prg(8722): warning: This statement (and everything after it) is unreachable due to an earlier Wait(forever) and/or End
Encoding .\origrom\17C720.dcs : OK, 138 DCS frames, 3843 bytes in ROM (17.2:1 compression, 29008 avg bps)
nbanew.prg(8727): warning: This statement (and everything after it) is unreachable due to an earlier Wait(forever) and/or End
Encoding .\origrom\381C22.dcs : OK, 67 DCS frames, 1584 bytes in ROM (20.3:1 compression, 24627 avg bps)
nbanew.prg(8732): warning: This statement (and everything after it) is unreachable due to an earlier Wait(forever) and/or End
Encoding .\origrom\17B2AE.dcs : OK, 93 DCS frames, 2596 bytes in ROM (17.2:1 compression, 29077 avg bps)
nbanew.prg(8737): warning: This statement (and everything after it) is unreachable due to an earlier Wait(forever) and/or End
Encoding .\origrom\38164E.dcs : OK, 65 DCS frames, 1490 bytes in ROM (20.9:1 compression, 23878 avg bps)
nbanew.prg(8742): warning: This statement (and everything after it) is unreachable due to an earlier Wait(forever) and/or End
Encoding .\origrom\382254.dcs : OK, 88 DCS frames, 2102 bytes in ROM (20.1:1 compression, 24882 avg bps)
nbanew.prg(8747): warning: This statement (and everything after it) is unreachable due to an earlier Wait(forever) and/or End
Encoding .\origrom\2933FA.dcs : OK, 203 DCS frames, 5182 bytes in ROM (18.8:1 compression, 26591 avg bps)
nbanew.prg(8752): warning: This statement (and everything after it) is unreachable due to an earlier Wait(forever) and/or End
Encoding .\origrom\17D626.dcs : OK, 79 DCS frames, 2290 bytes in ROM (16.6:1 compression, 30195 avg bps)
nbanew.prg(8757): warning: This statement (and everything after it) is unreachable due to an earlier Wait(forever) and/or End
Encoding .\origrom\17DF1C.dcs : OK, 104 DCS frames, 2392 bytes in ROM (20.9:1 compression, 23958 avg bps)
nbanew.prg(8762): warning: This statement (and everything after it) is unreachable due to an earlier Wait(forever) and/or End
Encoding .\origrom\25EDD6.dcs : OK, 81 DCS frames, 1946 bytes in ROM (20.0:1 compression, 25026 avg bps)
nbanew.prg(8767): warning: This statement (and everything after it) is unreachable due to an earlier Wait(forever) and/or End
Encoding .\origrom\25F574.dcs : OK, 157 DCS frames, 4326 bytes in ROM (17.4:1 compression, 28702 avg bps)
nbanew.prg(8772): warning: This statement (and everything after it) is unreachable due to an earlier Wait(forever) and/or End
Encoding .\origrom\29483C.dcs : OK, 144 DCS frames, 3747 bytes in ROM (18.4:1 compression, 27105 avg bps)
nbanew.prg(8777): warning: This statement (and everything after it) is unreachable due to an earlier Wait(forever) and/or End
Encoding .\origrom\17E876.dcs : OK, 146 DCS frames, 3475 bytes in ROM (20.2:1 compression, 24793 avg bps)
nbanew.prg(8782): warning: This statement (and everything after it) is unreachable due to an earlier Wait(forever) and/or End
Encoding .\origrom\382A8C.dcs : OK, 70 DCS frames, 2000 bytes in ROM (16.8:1 compression, 29762 avg bps)
Encoding .\origrom\38325E.dcs : OK, 95 DCS frames, 2327 bytes in ROM (19.6:1 compression, 25515 avg bps)
nbanew.prg(8788): warning: This statement (and everything after it) is unreachable due to an earlier Wait(forever) and/or End
Reusing cached encoding of .\origrom\38325E.dcs
nbanew.prg(8793): warning: This statement (and everything after it) is unreachable due to an earlier Wait(forever) and/or End
Encoding .\origrom\17F60C.dcs : OK, 98 DCS frames, 2468 bytes in ROM (19.1:1 compression, 26233 avg bps)
nbanew.prg(8798): warning: This statement (and everything after it) is unreachable due to an earlier Wait(forever) and/or End
Encoding .\origrom\2956E2.dcs : OK, 141 DCS frames, 3813 bytes in ROM (17.7:1 compression, 28169 avg bps)
nbanew.prg(8803): warning: This statement (and everything after it) is unreachable due to an earlier Wait(forever) and/or End
Encoding .\origrom\139E94.dcs : OK, 133 DCS frames, 3126 bytes in ROM (20.4:1 compression, 24483 avg bps)
nbanew.prg(8808): warning: This statement (and everything after it) is unreachable due to an earlier Wait(forever) and/or End
Encoding .\origrom\3556A6.dcs : OK, 171 DCS frames, 4429 bytes in ROM (18.5:1 compression, 26980 avg bps)
nbanew.prg(8813): warning: This statement (and everything after it) is unreachable due to an earlier Wait(forever) and/or End
Encoding .\origrom\1519CC.dcs : OK, 126 DCS frames, 2919 bytes in ROM (20.7:1 compression, 24132 avg bps)
nbanew.prg(8818): warning: This statement (and everything after it) is unreachable due to an earlier Wait(forever) and/or End
Encoding .\origrom\3567F4.dcs : OK, 137 DCS frames, 2818 bytes in ROM (23.3:1 compression, 21426 avg bps)
nbanew.prg(8823): warning: This statement (and everything after it) is unreachable due to an earlier Wait(forever) and/or End
Encoding .\origrom\26065E.dcs : OK, 116 DCS frames, 2763 bytes in ROM (20.2:1 compression, 24811 avg bps)
nbanew.prg(8828): warning: This statement (and everything after it) is unreachable due to an earlier Wait(forever) and/or End
Encoding .\origrom\152536.dcs : OK, 140 DCS frames, 3720 bytes in ROM (18.1:1 compression, 27679 avg bps)
nbanew.prg(8833): warning: This statement (and everything after it) is unreachable due to an earlier Wait(forever) and/or End
Encoding .\origrom\296F38.dcs : OK, 166 DCS frames, 4207 bytes in ROM (18.9:1 compression, 26399 avg bps)
nbanew.prg(8838): warning: This statement (and everything after it) is unreachable due to an earlier Wait(forever) and/or End
Encoding .\origrom\1533C0.dcs : OK, 126 DCS frames, 2895 bytes in ROM (20.9:1 compression, 23934 avg bps)
nbanew.prg(8843): warning: This statement (and everything after it) is unreachable due to an earlier Wait(forever) and/or End
Encoding .\origrom\383B78.dcs : OK, 174 DCS frames, 4611 bytes in ROM (18.1:1 compression, 27604 avg bps)
nbanew.prg(8848): warning: This statement (and everything after it) is unreachable due to an earlier Wait(forever) and/or End
Encoding .\origrom\2965CA.dcs : OK, 99 DCS frames, 2409 bytes in ROM (19.7:1 compression, 25347 avg bps)
Encoding .\origrom\17FFB2.dcs : OK, 108 DCS frames, 2548 bytes in ROM (20.3:1 compression, 24576 avg bps)
nbanew.prg(8854): warning: This statement (and everything after it) is unreachable due to an earlier Wait(forever) and/or End
Encoding .\origrom\384D7E.dcs : OK, 146 DCS frames, 3160 bytes in ROM (22.2:1 compression, 22546 avg bps)
nbanew.prg(8859): warning: This statement (and everything after it) is unreachable due to an earlier Wait(forever) and/or End
Encoding .\origrom\1809A8.dcs : OK, 154 DCS frames, 4038 bytes in ROM (18.3:1 compression, 27313 avg bps)
nbanew.prg(8864): warning: This statement (and everything after it) is unreachable due to an earlier Wait(forever) and/or End
Encoding .\origrom\26112C.dcs : OK, 129 DCS frames, 3244 bytes in ROM (19.1:1 compression, 26195 avg bps)
nbanew.prg(8869): warning: This statement (and everything after it) is unreachable due to an earlier Wait(forever) and/or End
Encoding .\origrom\3572F8.dcs : OK, 172 DCS frames, 3885 bytes in ROM (21.3:1 compression, 23528 avg bps)
nbanew.prg(8874): warning: This statement (and everything after it) is unreachable due to an earlier Wait(forever) and/or End
Encoding .\origrom\297FA8.dcs : OK, 135 DCS frames, 3787 bytes in ROM (17.1:1 compression, 29221 avg bps)
nbanew.prg(8879): warning: This statement (and everything after it) is unreachable due to an earlier Wait(forever) and/or End
Encoding .\origrom\3859D6.dcs : OK, 213 DCS frames, 5398 bytes in ROM (18.9:1 compression, 26399 avg bps)
nbanew.prg(8884): warning: This statement (and everything after it) is unreachable due to an earlier Wait(forever) and/or End
Encoding .\origrom\358228.dcs : OK, 199 DCS frames, 4792 bytes in ROM (19.9:1 compression, 25084 avg bps)
nbanew.prg(8889): warning: This statement (and everything after it) is unreachable due to an earlier Wait(forever) and/or End
Encoding .\origrom\261DDA.dcs : OK, 187 DCS frames, 4112 bytes in ROM (21.8:1 compression, 22906 avg bps)
nbanew.prg(8894): warning: This statement (and everything after it) is unreachable due to an earlier Wait(forever) and/or End
Encoding .\origrom\3594E2.dcs : OK, 211 DCS frames, 4858 bytes in ROM (20.8:1 compression, 23983 avg bps)
nbanew.prg(8899): warning: This statement (and everything after it) is unreachable due to an earlier Wait(forever) and/or End
Encoding .\origrom\262DEC.dcs : OK, 215 DCS frames, 5369 bytes in ROM (19.2:1 compression, 26013 avg bps)
nbanew.prg(8904): warning: This statement (and everything after it) is unreachable due to an earlier Wait(forever) and/or End
Encoding .\origrom\2642E8.dcs : OK, 108 DCS frames, 2517 bytes in ROM (20.6:1 compression, 24277 avg bps)
nbanew.prg(8909): warning: This statement (and everything after it) is unreachable due to an earlier Wait(forever) and/or End
Encoding .\origrom\35A7DE.dcs : OK, 74 DCS frames, 1874 bytes in ROM (19.0:1 compression, 26380 avg bps)
nbanew.prg(8914): warning: This statement (and everything after it) is unreachable due to an earlier Wait(forever) and/or End
Encoding .\origrom\264CC0.dcs : OK, 184 DCS frames, 5095 bytes in ROM (17.3:1 compression, 28844 avg bps)
nbanew.prg(8919): warning: This statement (and everything after it) is unreachable due to an earlier Wait(forever) and/or End
Encoding .\origrom\35AF32.dcs : OK, 71 DCS frames, 1829 bytes in ROM (18.6:1 compression, 26834 avg bps)
nbanew.prg(8924): warning: This statement (and everything after it) is unreachable due to an earlier Wait(forever) and/or End
Encoding .\origrom\2660AA.dcs : OK, 148 DCS frames, 3931 bytes in ROM (18.1:1 compression, 27668 avg bps)
nbanew.prg(8929): warning: This statement (and everything after it) is unreachable due to an earlier Wait(forever) and/or End
Encoding .\origrom\267008.dcs : OK, 128 DCS frames, 3091 bytes in ROM (19.9:1 compression, 25155 avg bps)
nbanew.prg(8934): warning: This statement (and everything after it) is unreachable due to an earlier Wait(forever) and/or End
Encoding .\origrom\35B65A.dcs : OK, 112 DCS frames, 2835 bytes in ROM (19.0:1 compression, 26367 avg bps)
nbanew.prg(8939): warning: This statement (and everything after it) is unreachable due to an earlier Wait(forever) and/or End
Encoding .\origrom\298E76.dcs : OK, 144 DCS frames, 4104 bytes in ROM (16.8:1 compression, 29688 avg bps)
nbanew.prg(8944): warning: This statement (and everything after it) is unreachable due to an earlier Wait(forever) and/or End
Encoding .\origrom\181972.dcs : OK, 98 DCS frames, 2442 bytes in ROM (19.3:1 compression, 25957 avg bps)
nbanew.prg(8949): warning: This statement (and everything after it) is unreachable due to an earlier Wait(forever) and/or End
Encoding .\origrom\386EEE.dcs : OK, 101 DCS frames, 2305 bytes in ROM (21.0:1 compression, 23773 avg bps)
nbanew.prg(8954): warning: This statement (and everything after it) is unreachable due to an earlier Wait(forever) and/or End
Encoding .\origrom\153F10.dcs : OK, 90 DCS frames, 2528 bytes in ROM (17.1:1 compression, 29259 avg bps)
nbanew.prg(8959): warning: This statement (and everything after it) is unreachable due to an earlier Wait(forever) and/or End
Encoding .\origrom\267C1E.dcs : OK, 96 DCS frames, 2898 bytes in ROM (15.9:1 compression, 31445 avg bps)
nbanew.prg(8964): warning: This statement (and everything after it) is unreachable due to an earlier Wait(forever) and/or End
Encoding .\origrom\268774.dcs : OK, 151 DCS frames, 3905 bytes in ROM (18.6:1 compression, 26938 avg bps)
nbanew.prg(8969): warning: This statement (and everything after it) is unreachable due to an earlier Wait(forever) and/or End
Encoding .\origrom\1548F2.dcs : OK, 111 DCS frames, 2774 bytes in ROM (19.2:1 compression, 26032 avg bps)
nbanew.prg(8974): warning: This statement (and everything after it) is unreachable due to an earlier Wait(forever) and/or End
Encoding .\origrom\3877F0.dcs : OK, 145 DCS frames, 3620 bytes in ROM (19.2:1 compression, 26006 avg bps)
nbanew.prg(8979): warning: This statement (and everything after it) is unreachable due to an earlier Wait(forever) and/or End
Encoding .\origrom\1822FE.dcs : OK, 124 DCS frames, 4142 bytes in ROM (14.4:1 compression, 34795 avg bps)
nbanew.prg(8984): warning: This statement (and everything after it) is unreachable due to an earlier Wait(forever) and/or End
Encoding .\origrom\18332E.dcs : OK, 111 DCS frames, 2627 bytes in ROM (20.3:1 compression, 24653 avg bps)
nbanew.prg(8989): warning: This statement (and everything after it) is unreachable due to an earlier Wait(forever) and/or End
Encoding .\origrom\2696B8.dcs : OK, 170 DCS frames, 5167 bytes in ROM (15.8:1 compression, 31661 avg bps)
nbanew.prg(8994): warning: This statement (and everything after it) is unreachable due to an earlier Wait(forever) and/or End
Encoding .\origrom\26AAEA.dcs : OK, 88 DCS frames, 2113 bytes in ROM (20.0:1 compression, 25012 avg bps)
nbanew.prg(8999): warning: This statement (and everything after it) is unreachable due to an earlier Wait(forever) and/or End
Encoding .\origrom\388616.dcs : OK, 135 DCS frames, 3242 bytes in ROM (20.0:1 compression, 25015 avg bps)
nbanew.prg(9004): warning: This statement (and everything after it) is unreachable due to an earlier Wait(forever) and/or End
Encoding .\origrom\299E80.dcs : OK, 114 DCS frames, 3032 bytes in ROM (18.0:1 compression, 27705 avg bps)
nbanew.prg(9009): warning: This statement (and everything after it) is unreachable due to an earlier Wait(forever) and/or End
Encoding .\origrom\183D72.dcs : OK, 68 DCS frames, 1401 bytes in ROM (23.3:1 compression, 21461 avg bps)
nbanew.prg(9014): warning: This statement (and everything after it) is unreachable due to an earlier Wait(forever) and/or End
Encoding .\origrom\1842EC.dcs : OK, 58 DCS frames, 1190 bytes in ROM (23.4:1 compression, 21372 avg bps)
nbanew.prg(9019): warning: This statement (and everything after it) is unreachable due to an earlier Wait(forever) and/or End
Encoding .\origrom\184794.dcs : OK, 63 DCS frames, 1277 bytes in ROM (23.7:1 compression, 21114 avg bps)
nbanew.prg(9024): warning: This statement (and everything after it) is unreachable due to an earlier Wait(forever) and/or End
Encoding .\origrom\184C92.dcs : OK, 71 DCS frames, 1361 bytes in ROM (25.0:1 compression, 19968 avg bps)
nbanew.prg(9029): warning: This statement (and everything after it) is unreachable due to an earlier Wait(forever) and/or End
Encoding .\origrom\35C170.dcs : OK, 158 DCS frames, 3401 bytes in ROM (22.3:1 compression, 22422 avg bps)
nbanew.prg(9034): warning: This statement (and everything after it) is unreachable due to an earlier Wait(forever) and/or End
Encoding .\origrom\35CEBC.dcs : OK, 194 DCS frames, 4662 bytes in ROM (20.0:1 compression, 25032 avg bps)
nbanew.prg(9039): warning: This statement (and everything after it) is unreachable due to an earlier Wait(forever) and/or End
Encoding .\origrom\1851E6.dcs : OK, 160 DCS frames, 4529 bytes in ROM (17.0:1 compression, 29486 avg bps)
nbanew.prg(9044): warning: This statement (and everything after it) is unreachable due to an earlier Wait(forever) and/or End
Encoding .\origrom\29AA5A.dcs : OK, 296 DCS frames, 7292 bytes in ROM (19.5:1 compression, 25662 avg bps)
nbanew.prg(9049): warning: This statement (and everything after it) is unreachable due to an earlier Wait(forever) and/or End
Encoding .\origrom\35E0F4.dcs : OK, 120 DCS frames, 3248 bytes in ROM (17.7:1 compression, 28194 avg bps)
nbanew.prg(9054): warning: This statement (and everything after it) is unreachable due to an earlier Wait(forever) and/or End
Encoding .\origrom\29C6D8.dcs : OK, 174 DCS frames, 4496 bytes in ROM (18.6:1 compression, 26916 avg bps)
nbanew.prg(9059): warning: This statement (and everything after it) is unreachable due to an earlier Wait(forever) and/or End
Encoding .\origrom\05A868.dcs : OK, 154 DCS frames, 3660 bytes in ROM (20.2:1 compression, 24756 avg bps)
nbanew.prg(9064): warning: This statement (and everything after it) is unreachable due to an earlier Wait(forever) and/or End
Encoding .\origrom\26B32E.dcs : OK, 162 DCS frames, 4595 bytes in ROM (16.9:1 compression, 29546 avg bps)
nbanew.prg(9069): warning: This statement (and everything after it) is unreachable due to an earlier Wait(forever) and/or End
Encoding .\origrom\26C524.dcs : OK, 141 DCS frames, 3559 bytes in ROM (19.0:1 compression, 26293 avg bps)
nbanew.prg(9074): warning: This statement (and everything after it) is unreachable due to an earlier Wait(forever) and/or End
Encoding .\origrom\1553CC.dcs : OK, 161 DCS frames, 4115 bytes in ROM (18.8:1 compression, 26624 avg bps)
nbanew.prg(9079): warning: This statement (and everything after it) is unreachable due to an earlier Wait(forever) and/or End
Encoding .\origrom\29D86A.dcs : OK, 126 DCS frames, 2918 bytes in ROM (20.7:1 compression, 24124 avg bps)
nbanew.prg(9084): warning: This statement (and everything after it) is unreachable due to an earlier Wait(forever) and/or End
Encoding .\origrom\186398.dcs : OK, 156 DCS frames, 4557 bytes in ROM (16.4:1 compression, 30429 avg bps)
nbanew.prg(9089): warning: This statement (and everything after it) is unreachable due to an earlier Wait(forever) and/or End
Encoding .\origrom\1563E2.dcs : OK, 197 DCS frames, 5922 bytes in ROM (16.0:1 compression, 31313 avg bps)
nbanew.prg(9094): warning: This statement (and everything after it) is unreachable due to an earlier Wait(forever) and/or End
Encoding .\origrom\26D30E.dcs : OK, 202 DCS frames, 5036 bytes in ROM (19.3:1 compression, 25969 avg bps)
nbanew.prg(9099): warning: This statement (and everything after it) is unreachable due to an earlier Wait(forever) and/or End
Encoding .\origrom\29E3D2.dcs : OK, 135 DCS frames, 3288 bytes in ROM (19.7:1 compression, 25370 avg bps)
nbanew.prg(9104): warning: This statement (and everything after it) is unreachable due to an earlier Wait(forever) and/or End
Encoding .\origrom\38A930.dcs : OK, 88 DCS frames, 1910 bytes in ROM (22.1:1 compression, 22609 avg bps)
nbanew.prg(9109): warning: This statement (and everything after it) is unreachable due to an earlier Wait(forever) and/or End
Encoding .\origrom\26FDFC.dcs : OK, 125 DCS frames, 3256 bytes in ROM (18.4:1 compression, 27133 avg bps)
nbanew.prg(9114): warning: This statement (and everything after it) is unreachable due to an earlier Wait(forever) and/or End
Encoding .\origrom\187568.dcs : OK, 229 DCS frames, 7496 bytes in ROM (14.7:1 compression, 34098 avg bps)
nbanew.prg(9119): warning: This statement (and everything after it) is unreachable due to an earlier Wait(forever) and/or End
Encoding .\origrom\35EDA6.dcs : OK, 148 DCS frames, 3478 bytes in ROM (20.4:1 compression, 24479 avg bps)
nbanew.prg(9124): warning: This statement (and everything after it) is unreachable due to an earlier Wait(forever) and/or End
Encoding .\origrom\35FB40.dcs : OK, 122 DCS frames, 2762 bytes in ROM (21.2:1 compression, 23583 avg bps)
nbanew.prg(9129): warning: This statement (and everything after it) is unreachable due to an earlier Wait(forever) and/or End
Encoding .\origrom\36060C.dcs : OK, 152 DCS frames, 4165 bytes in ROM (17.5:1 compression, 28543 avg bps)
nbanew.prg(9134): warning: This statement (and everything after it) is unreachable due to an earlier Wait(forever) and/or End
Encoding .\origrom\1892B2.dcs : OK, 162 DCS frames, 4524 bytes in ROM (17.2:1 compression, 29090 avg bps)
nbanew.prg(9139): warning: This statement (and everything after it) is unreachable due to an earlier Wait(forever) and/or End
Encoding .\origrom\18A460.dcs : OK, 83 DCS frames, 2388 bytes in ROM (16.7:1 compression, 29970 avg bps)
nbanew.prg(9144): warning: This statement (and everything after it) is unreachable due to an earlier Wait(forever) and/or End
Encoding .\origrom\270AB6.dcs : OK, 232 DCS frames, 6135 bytes in ROM (18.2:1 compression, 27546 avg bps)
nbanew.prg(9149): warning: This statement (and everything after it) is unreachable due to an earlier Wait(forever) and/or End
Encoding .\origrom\3892C0.dcs : OK, 202 DCS frames, 5743 bytes in ROM (16.9:1 compression, 29615 avg bps)
nbanew.prg(9154): warning: This statement (and everything after it) is unreachable due to an earlier Wait(forever) and/or End
Encoding .\origrom\29F0AC.dcs : OK, 156 DCS frames, 4495 bytes in ROM (16.7:1 compression, 30015 avg bps)
nbanew.prg(9159): warning: This statement (and everything after it) is unreachable due to an earlier Wait(forever) and/or End
Encoding .\origrom\157B06.dcs : OK, 148 DCS frames, 3610 bytes in ROM (19.7:1 compression, 25408 avg bps)
nbanew.prg(9164): warning: This statement (and everything after it) is unreachable due to an earlier Wait(forever) and/or End
Encoding .\origrom\2A023E.dcs : OK, 97 DCS frames, 2510 bytes in ROM (18.5:1 compression, 26954 avg bps)
nbanew.prg(9169): warning: This statement (and everything after it) is unreachable due to an earlier Wait(forever) and/or End
Encoding .\origrom\158922.dcs : OK, 102 DCS frames, 2995 bytes in ROM (16.3:1 compression, 30586 avg bps)
nbanew.prg(9174): warning: This statement (and everything after it) is unreachable due to an earlier Wait(forever) and/or End
Encoding .\origrom\2722B0.dcs : OK, 166 DCS frames, 3832 bytes in ROM (20.8:1 compression, 24046 avg bps)
nbanew.prg(9179): warning: This statement (and everything after it) is unreachable due to an earlier Wait(forever) and/or End
Encoding .\origrom\38B0A8.dcs : OK, 134 DCS frames, 4016 bytes in ROM (16.0:1 compression, 31219 avg bps)
nbanew.prg(9184): warning: This statement (and everything after it) is unreachable due to an earlier Wait(forever) and/or End
Encoding .\origrom\2A22DA.dcs : OK, 180 DCS frames, 5593 bytes in ROM (15.4:1 compression, 32367 avg bps)
nbanew.prg(9189): warning: This statement (and everything after it) is unreachable due to an earlier Wait(forever) and/or End
Encoding .\origrom\18DEDC.dcs : OK, 180 DCS frames, 5506 bytes in ROM (15.7:1 compression, 31863 avg bps)
nbanew.prg(9194): warning: This statement (and everything after it) is unreachable due to an earlier Wait(forever) and/or End
Encoding .\origrom\18DA60.dcs : OK, 48 DCS frames, 1142 bytes in ROM (20.2:1 compression, 24783 avg bps)
nbanew.prg(9199): warning: This statement (and everything after it) is unreachable due to an earlier Wait(forever) and/or End
Encoding .\origrom\38C058.dcs : OK, 55 DCS frames, 1940 bytes in ROM (13.6:1 compression, 36742 avg bps)
nbanew.prg(9204): warning: This statement (and everything after it) is unreachable due to an earlier Wait(forever) and/or End
Encoding .\origrom\1594D6.dcs : OK, 105 DCS frames, 2109 bytes in ROM (23.9:1 compression, 20923 avg bps)
nbanew.prg(9209): warning: This statement (and everything after it) is unreachable due to an earlier Wait(forever) and/or End
Encoding .\origrom\159D1A.dcs : OK, 143 DCS frames, 3313 bytes in ROM (20.7:1 compression, 24133 avg bps)
nbanew.prg(9214): warning: This statement (and everything after it) is unreachable due to an earlier Wait(forever) and/or End
Encoding .\origrom\15AA0E.dcs : OK, 129 DCS frames, 2377 bytes in ROM (26.0:1 compression, 19194 avg bps)
nbanew.prg(9219): warning: This statement (and everything after it) is unreachable due to an earlier Wait(forever) and/or End
Encoding .\origrom\09A04C.dcs : OK, 302 DCS frames, 8351 bytes in ROM (17.4:1 compression, 28804 avg bps)
nbanew.prg(9224): warning: This statement (and everything after it) is unreachable due to an earlier Wait(forever) and/or End
Encoding .\origrom\2731AA.dcs : OK, 175 DCS frames, 4529 bytes in ROM (18.5:1 compression, 26958 avg bps)
nbanew.prg(9229): warning: This statement (and everything after it) is unreachable due to an earlier Wait(forever) and/or End
Encoding .\origrom\15B358.dcs : OK, 189 DCS frames, 4715 bytes in ROM (19.2:1 compression, 25987 avg bps)
nbanew.prg(9234): warning: This statement (and everything after it) is unreachable due to an earlier Wait(forever) and/or End
Encoding .\origrom\18ADB6.dcs : OK, 169 DCS frames, 4543 bytes in ROM (17.9:1 compression, 28002 avg bps)
nbanew.prg(9239): warning: This statement (and everything after it) is unreachable due to an earlier Wait(forever) and/or End
Encoding .\origrom\18BF76.dcs : OK, 237 DCS frames, 6888 bytes in ROM (16.5:1 compression, 30274 avg bps)
nbanew.prg(9244): warning: This statement (and everything after it) is unreachable due to an earlier Wait(forever) and/or End
Encoding .\origrom\2A0C0E.dcs : OK, 190 DCS frames, 5834 bytes in ROM (15.6:1 compression, 31985 avg bps)
nbanew.prg(9249): warning: This statement (and everything after it) is unreachable due to an earlier Wait(forever) and/or End
Encoding .\origrom\38C7F0.dcs : OK, 183 DCS frames, 5306 bytes in ROM (16.6:1 compression, 30203 avg bps)
nbanew.prg(9254): warning: This statement (and everything after it) is unreachable due to an earlier Wait(forever) and/or End
Encoding .\origrom\361654.dcs : OK, 162 DCS frames, 4118 bytes in ROM (18.9:1 compression, 26479 avg bps)
nbanew.prg(9259): warning: This statement (and everything after it) is unreachable due to an earlier Wait(forever) and/or End
Encoding .\origrom\36266C.dcs : OK, 109 DCS frames, 2175 bytes in ROM (24.1:1 compression, 20786 avg bps)
nbanew.prg(9264): warning: This statement (and everything after it) is unreachable due to an earlier Wait(forever) and/or End
Encoding .\origrom\362EEE.dcs : OK, 146 DCS frames, 3519 bytes in ROM (19.9:1 compression, 25107 avg bps)
nbanew.prg(9269): warning: This statement (and everything after it) is unreachable due to an earlier Wait(forever) and/or End
Encoding .\origrom\15C5C4.dcs : OK, 58 DCS frames, 1044 bytes in ROM (26.7:1 compression, 18750 avg bps)
Encoding .\origrom\27435E.dcs : OK, 118 DCS frames, 2680 bytes in ROM (21.1:1 compression, 23658 avg bps)
nbanew.prg(9275): warning: This statement (and everything after it) is unreachable due to an earlier Wait(forever) and/or End
Reusing cached encoding of .\origrom\15C5C4.dcs
Encoding .\origrom\274DD8.dcs : OK, 108 DCS frames, 2722 bytes in ROM (19.0:1 compression, 26254 avg bps)
nbanew.prg(9281): warning: This statement (and everything after it) is unreachable due to an earlier Wait(forever) and/or End
Encoding .\origrom\277506.dcs : OK, 130 DCS frames, 2350 bytes in ROM (26.6:1 compression, 18830 avg bps)
nbanew.prg(9286): warning: This statement (and everything after it) is unreachable due to an earlier Wait(forever) and/or End
Encoding .\origrom\363CB0.dcs : OK, 122 DCS frames, 3066 bytes in ROM (19.1:1 compression, 26178 avg bps)
nbanew.prg(9291): warning: This statement (and everything after it) is unreachable due to an earlier Wait(forever) and/or End
Encoding .\origrom\15C9DE.dcs : OK, 88 DCS frames, 2250 bytes in ROM (18.8:1 compression, 26634 avg bps)
nbanew.prg(9296): warning: This statement (and everything after it) is unreachable due to an earlier Wait(forever) and/or End
Encoding .\origrom\2A38B6.dcs : OK, 69 DCS frames, 1962 bytes in ROM (16.9:1 compression, 29620 avg bps)
nbanew.prg(9301): warning: This statement (and everything after it) is unreachable due to an earlier Wait(forever) and/or End
Encoding .\origrom\2A4062.dcs : OK, 102 DCS frames, 3111 bytes in ROM (15.7:1 compression, 31771 avg bps)
nbanew.prg(9306): warning: This statement (and everything after it) is unreachable due to an earlier Wait(forever) and/or End
Encoding .\origrom\38DCAE.dcs : OK, 91 DCS frames, 2604 bytes in ROM (16.8:1 compression, 29808 avg bps)
nbanew.prg(9311): warning: This statement (and everything after it) is unreachable due to an earlier Wait(forever) and/or End
Encoding .\origrom\18F460.dcs : OK, 53 DCS frames, 1528 bytes in ROM (16.6:1 compression, 30031 avg bps)
nbanew.prg(9316): warning: This statement (and everything after it) is unreachable due to an earlier Wait(forever) and/or End
Encoding .\origrom\18FA5C.dcs : OK, 79 DCS frames, 2264 bytes in ROM (16.7:1 compression, 29852 avg bps)
nbanew.prg(9321): warning: This statement (and everything after it) is unreachable due to an earlier Wait(forever) and/or End
Encoding .\origrom\19033A.dcs : OK, 95 DCS frames, 2556 bytes in ROM (17.8:1 compression, 28026 avg bps)
nbanew.prg(9326): warning: This statement (and everything after it) is unreachable due to an earlier Wait(forever) and/or End
Encoding .\origrom\2A4C8C.dcs : OK, 89 DCS frames, 2823 bytes in ROM (15.1:1 compression, 33041 avg bps)
nbanew.prg(9331): warning: This statement (and everything after it) is unreachable due to an earlier Wait(forever) and/or End
Encoding .\origrom\38E6DC.dcs : OK, 110 DCS frames, 3386 bytes in ROM (15.6:1 compression, 32064 avg bps)
nbanew.prg(9336): warning: This statement (and everything after it) is unreachable due to an earlier Wait(forever) and/or End
Encoding .\origrom\27587E.dcs : OK, 177 DCS frames, 4221 bytes in ROM (20.1:1 compression, 24841 avg bps)
nbanew.prg(9341): warning: This statement (and everything after it) is unreachable due to an earlier Wait(forever) and/or End
Encoding .\origrom\1327BA.dcs : OK, 203 DCS frames, 4182 bytes in ROM (23.3:1 compression, 21459 avg bps)
nbanew.prg(9346): warning: This statement (and everything after it) is unreachable due to an earlier Wait(forever) and/or End
Encoding .\origrom\23F850.dcs : OK, 157 DCS frames, 3136 bytes in ROM (24.0:1 compression, 20807 avg bps)
nbanew.prg(9351): warning: This statement (and everything after it) is unreachable due to an earlier Wait(forever) and/or End
Encoding .\origrom\240492.dcs : OK, 97 DCS frames, 2277 bytes in ROM (20.4:1 compression, 24452 avg bps)
nbanew.prg(9356): warning: This statement (and everything after it) is unreachable due to an earlier Wait(forever) and/or End
Encoding .\origrom\32FE3A.dcs : OK, 133 DCS frames, 3939 bytes in ROM (16.2:1 compression, 30851 avg bps)
nbanew.prg(9361): warning: This statement (and everything after it) is unreachable due to an earlier Wait(forever) and/or End
Encoding .\origrom\240D7A.dcs : OK, 151 DCS frames, 3051 bytes in ROM (23.8:1 compression, 21047 avg bps)
nbanew.prg(9366): warning: This statement (and everything after it) is unreachable due to an earlier Wait(forever) and/or End
Encoding .\origrom\330DA0.dcs : OK, 175 DCS frames, 4489 bytes in ROM (18.7:1 compression, 26720 avg bps)
nbanew.prg(9371): warning: This statement (and everything after it) is unreachable due to an earlier Wait(forever) and/or End
Encoding .\origrom\133812.dcs : OK, 177 DCS frames, 5418 bytes in ROM (15.7:1 compression, 31886 avg bps)
nbanew.prg(9376): warning: This statement (and everything after it) is unreachable due to an earlier Wait(forever) and/or End
Encoding .\origrom\241966.dcs : OK, 150 DCS frames, 4099 bytes in ROM (17.6:1 compression, 28465 avg bps)
nbanew.prg(9381): warning: This statement (and everything after it) is unreachable due to an earlier Wait(forever) and/or End
Encoding .\origrom\338E22.dcs : OK, 124 DCS frames, 2866 bytes in ROM (20.8:1 compression, 24076 avg bps)
nbanew.prg(9386): warning: This statement (and everything after it) is unreachable due to an earlier Wait(forever) and/or End
Encoding .\origrom\339956.dcs : OK, 116 DCS frames, 2926 bytes in ROM (19.0:1 compression, 26275 avg bps)
nbanew.prg(9391): warning: This statement (and everything after it) is unreachable due to an earlier Wait(forever) and/or End
Encoding .\origrom\3437B0.dcs : OK, 102 DCS frames, 2837 bytes in ROM (17.3:1 compression, 28973 avg bps)
nbanew.prg(9396): warning: This statement (and everything after it) is unreachable due to an earlier Wait(forever) and/or End
Encoding .\origrom\255166.dcs : OK, 100 DCS frames, 1944 bytes in ROM (24.7:1 compression, 20250 avg bps)
nbanew.prg(9401): warning: This statement (and everything after it) is unreachable due to an earlier Wait(forever) and/or End
Encoding .\origrom\14FEA8.dcs : OK, 157 DCS frames, 3680 bytes in ROM (20.5:1 compression, 24416 avg bps)
nbanew.prg(9406): warning: This statement (and everything after it) is unreachable due to an earlier Wait(forever) and/or End
Encoding .\origrom\15D2AC.dcs : OK, 136 DCS frames, 3356 bytes in ROM (19.5:1 compression, 25705 avg bps)
nbanew.prg(9411): warning: This statement (and everything after it) is unreachable due to an earlier Wait(forever) and/or End
Encoding .\origrom\15DFCA.dcs : OK, 141 DCS frames, 3959 bytes in ROM (17.1:1 compression, 29248 avg bps)
nbanew.prg(9416): warning: This statement (and everything after it) is unreachable due to an earlier Wait(forever) and/or End
Encoding .\origrom\3648AC.dcs : OK, 127 DCS frames, 3629 bytes in ROM (16.8:1 compression, 29765 avg bps)
nbanew.prg(9421): warning: This statement (and everything after it) is unreachable due to an earlier Wait(forever) and/or End
Encoding .\origrom\2768FE.dcs : OK, 115 DCS frames, 3078 bytes in ROM (17.9:1 compression, 27880 avg bps)
nbanew.prg(9426): warning: This statement (and everything after it) is unreachable due to an earlier Wait(forever) and/or End
Encoding .\origrom\15EF44.dcs : OK, 137 DCS frames, 3322 bytes in ROM (19.8:1 compression, 25259 avg bps)
nbanew.prg(9431): warning: This statement (and everything after it) is unreachable due to an earlier Wait(forever) and/or End
Encoding .\origrom\335934.dcs : OK, 87 DCS frames, 2125 bytes in ROM (19.7:1 compression, 25443 avg bps)
nbanew.prg(9436): warning: This statement (and everything after it) is unreachable due to an earlier Wait(forever) and/or End
Encoding .\origrom\08393A.dcs : OK, 82 DCS frames, 2108 bytes in ROM (18.7:1 compression, 26778 avg bps)
Encoding .\origrom\084178.dcs : OK, 117 DCS frames, 2664 bytes in ROM (21.1:1 compression, 23718 avg bps)
nbanew.prg(9442): warning: This statement (and everything after it) is unreachable due to an earlier Wait(forever) and/or End
Reusing cached encoding of .\origrom\084178.dcs
nbanew.prg(9447): warning: This statement (and everything after it) is unreachable due to an earlier Wait(forever) and/or End
Encoding .\origrom\084BE2.dcs : OK, 206 DCS frames, 5739 bytes in ROM (17.2:1 compression, 29020 avg bps)
nbanew.prg(9452): warning: This statement (and everything after it) is unreachable due to an earlier Wait(forever) and/or End
Encoding .\origrom\08624E.dcs : OK, 122 DCS frames, 2834 bytes in ROM (20.7:1 compression, 24197 avg bps)
nbanew.prg(9457): warning: This statement (and everything after it) is unreachable due to an earlier Wait(forever) and/or End
Encoding .\origrom\096A9A.dcs : OK, 97 DCS frames, 3082 bytes in ROM (15.1:1 compression, 33097 avg bps)
Encoding .\origrom\0976A6.dcs : OK, 128 DCS frames, 3389 bytes in ROM (18.1:1 compression, 27580 avg bps)
nbanew.prg(9463): warning: This statement (and everything after it) is unreachable due to an earlier Wait(forever) and/or End
Encoding .\origrom\086D62.dcs : OK, 201 DCS frames, 5387 bytes in ROM (17.9:1 compression, 27918 avg bps)
nbanew.prg(9468): warning: This statement (and everything after it) is unreachable due to an earlier Wait(forever) and/or End
Encoding .\origrom\088270.dcs : OK, 189 DCS frames, 5268 bytes in ROM (17.2:1 compression, 29034 avg bps)
nbanew.prg(9473): warning: This statement (and everything after it) is unreachable due to an earlier Wait(forever) and/or End
Encoding .\origrom\089706.dcs : OK, 149 DCS frames, 3322 bytes in ROM (21.5:1 compression, 23224 avg bps)
nbanew.prg(9478): warning: This statement (and everything after it) is unreachable due to an earlier Wait(forever) and/or End
Encoding .\origrom\08A402.dcs : OK, 219 DCS frames, 5751 bytes in ROM (18.3:1 compression, 27354 avg bps)
nbanew.prg(9483): warning: This statement (and everything after it) is unreachable due to an earlier Wait(forever) and/or End
Encoding .\origrom\08BA7A.dcs : OK, 156 DCS frames, 4113 bytes in ROM (18.2:1 compression, 27464 avg bps)
nbanew.prg(9488): warning: This statement (and everything after it) is unreachable due to an earlier Wait(forever) and/or End
Encoding .\origrom\08CA8E.dcs : OK, 221 DCS frames, 5290 bytes in ROM (20.1:1 compression, 24934 avg bps)
nbanew.prg(9493): warning: This statement (and everything after it) is unreachable due to an earlier Wait(forever) and/or End
Encoding .\origrom\08DF3A.dcs : OK, 209 DCS frames, 4996 bytes in ROM (20.1:1 compression, 24900 avg bps)
nbanew.prg(9498): warning: This statement (and everything after it) is unreachable due to an earlier Wait(forever) and/or End
Encoding .\origrom\08F2C0.dcs : OK, 92 DCS frames, 2513 bytes in ROM (17.6:1 compression, 28453 avg bps)
nbanew.prg(9503): warning: This statement (and everything after it) is unreachable due to an earlier Wait(forever) and/or End
Encoding .\origrom\08FC92.dcs : OK, 136 DCS frames, 3264 bytes in ROM (20.0:1 compression, 25000 avg bps)
nbanew.prg(9508): warning: This statement (and everything after it) is unreachable due to an earlier Wait(forever) and/or End
Encoding .\origrom\090954.dcs : OK, 232 DCS frames, 6780 bytes in ROM (16.4:1 compression, 30442 avg bps)
nbanew.prg(9513): warning: This statement (and everything after it) is unreachable due to an earlier Wait(forever) and/or End
Encoding .\origrom\0923D4.dcs : OK, 224 DCS frames, 5207 bytes in ROM (20.6:1 compression, 24214 avg bps)
nbanew.prg(9518): warning: This statement (and everything after it) is unreachable due to an earlier Wait(forever) and/or End
Encoding .\origrom\09382E.dcs : OK, 292 DCS frames, 6959 bytes in ROM (20.1:1 compression, 24825 avg bps)
nbanew.prg(9523): warning: This statement (and everything after it) is unreachable due to an earlier Wait(forever) and/or End
Encoding .\origrom\09535E.dcs : OK, 220 DCS frames, 5945 bytes in ROM (17.8:1 compression, 28149 avg bps)
nbanew.prg(9528): warning: This statement (and everything after it) is unreachable due to an earlier Wait(forever) and/or End
Reusing cached encoding of .\origrom\0976A6.dcs
nbanew.prg(9533): warning: This statement (and everything after it) is unreachable due to an earlier Wait(forever) and/or End
Encoding .\origrom\04E8E8.dcs : OK, 49 DCS frames, 1433 bytes in ROM (16.4:1 compression, 30463 avg bps)
Encoding .\origrom\04EE82.dcs : OK, 75 DCS frames, 1719 bytes in ROM (20.9:1 compression, 23875 avg bps)
nbanew.prg(9539): warning: This statement (and everything after it) is unreachable due to an earlier Wait(forever) and/or End
Reusing cached encoding of .\origrom\04EE82.dcs
nbanew.prg(9544): warning: This statement (and everything after it) is unreachable due to an earlier Wait(forever) and/or End
Reusing cached encoding of .\origrom\1CC03A.dcs
Reusing cached encoding of .\origrom\04EE82.dcs
nbanew.prg(9550): warning: This statement (and everything after it) is unreachable due to an earlier Wait(forever) and/or End
Reusing cached encoding of .\origrom\3C1B9A.dcs
Encoding .\origrom\04F53C.dcs : OK, 71 DCS frames, 1989 bytes in ROM (17.1:1 compression, 29181 avg bps)
nbanew.prg(9556): warning: This statement (and everything after it) is unreachable due to an earlier Wait(forever) and/or End
Reusing cached encoding of .\origrom\04F53C.dcs
nbanew.prg(9561): warning: This statement (and everything after it) is unreachable due to an earlier Wait(forever) and/or End
Reusing cached encoding of .\origrom\1CC03A.dcs
Reusing cached encoding of .\origrom\04F53C.dcs
nbanew.prg(9567): warning: This statement (and everything after it) is unreachable due to an earlier Wait(forever) and/or End
Encoding .\origrom\04FD04.dcs : OK, 71 DCS frames, 1805 bytes in ROM (18.9:1 compression, 26482 avg bps)
Encoding .\origrom\050414.dcs : OK, 85 DCS frames, 1939 bytes in ROM (21.0:1 compression, 23762 avg bps)
nbanew.prg(9573): warning: This statement (and everything after it) is unreachable due to an earlier Wait(forever) and/or End
Reusing cached encoding of .\origrom\050414.dcs
nbanew.prg(9578): warning: This statement (and everything after it) is unreachable due to an earlier Wait(forever) and/or End
Reusing cached encoding of .\origrom\1CC03A.dcs
Reusing cached encoding of .\origrom\050414.dcs
nbanew.prg(9584): warning: This statement (and everything after it) is unreachable due to an earlier Wait(forever) and/or End
Reusing cached encoding of .\origrom\3A6AEC.dcs
Encoding .\origrom\050BAA.dcs : OK, 61 DCS frames, 1503 bytes in ROM (19.5:1 compression, 25666 avg bps)
nbanew.prg(9590): warning: This statement (and everything after it) is unreachable due to an earlier Wait(forever) and/or End
Reusing cached encoding of .\origrom\050BAA.dcs
nbanew.prg(9595): warning: This statement (and everything after it) is unreachable due to an earlier Wait(forever) and/or End
Reusing cached encoding of .\origrom\1CC03A.dcs
Reusing cached encoding of .\origrom\050BAA.dcs
nbanew.prg(9601): warning: This statement (and everything after it) is unreachable due to an earlier Wait(forever) and/or End
Encoding .\origrom\05118C.dcs : OK, 65 DCS frames, 1723 bytes in ROM (18.1:1 compression, 27612 avg bps)
Encoding .\origrom\05184E.dcs : OK, 67 DCS frames, 1587 bytes in ROM (20.3:1 compression, 24674 avg bps)
nbanew.prg(9607): warning: This statement (and everything after it) is unreachable due to an earlier Wait(forever) and/or End
Reusing cached encoding of .\origrom\05184E.dcs
nbanew.prg(9612): warning: This statement (and everything after it) is unreachable due to an earlier Wait(forever) and/or End
Reusing cached encoding of .\origrom\1CC03A.dcs
Reusing cached encoding of .\origrom\05184E.dcs
nbanew.prg(9618): warning: This statement (and everything after it) is unreachable due to an earlier Wait(forever) and/or End
Encoding .\origrom\051E84.dcs : OK, 82 DCS frames, 2184 bytes in ROM (18.0:1 compression, 27744 avg bps)
Encoding .\origrom\052712.dcs : OK, 84 DCS frames, 1971 bytes in ROM (20.5:1 compression, 24442 avg bps)
nbanew.prg(9624): warning: This statement (and everything after it) is unreachable due to an earlier Wait(forever) and/or End
Reusing cached encoding of .\origrom\052712.dcs
nbanew.prg(9629): warning: This statement (and everything after it) is unreachable due to an earlier Wait(forever) and/or End
Reusing cached encoding of .\origrom\1CC03A.dcs
Reusing cached encoding of .\origrom\052712.dcs
nbanew.prg(9635): warning: This statement (and everything after it) is unreachable due to an earlier Wait(forever) and/or End
Encoding .\origrom\052EC6.dcs : OK, 60 DCS frames, 1666 bytes in ROM (17.3:1 compression, 28924 avg bps)
Encoding .\origrom\05354A.dcs : OK, 83 DCS frames, 1936 bytes in ROM (20.6:1 compression, 24297 avg bps)
nbanew.prg(9641): warning: This statement (and everything after it) is unreachable due to an earlier Wait(forever) and/or End
Reusing cached encoding of .\origrom\05354A.dcs
nbanew.prg(9646): warning: This statement (and everything after it) is unreachable due to an earlier Wait(forever) and/or End
Reusing cached encoding of .\origrom\1CC03A.dcs
Reusing cached encoding of .\origrom\05354A.dcs
nbanew.prg(9652): warning: This statement (and everything after it) is unreachable due to an earlier Wait(forever) and/or End
Reusing cached encoding of .\origrom\3B37F0.dcs
Encoding .\origrom\053CDE.dcs : OK, 83 DCS frames, 1957 bytes in ROM (20.4:1 compression, 24561 avg bps)
nbanew.prg(9658): warning: This statement (and everything after it) is unreachable due to an earlier Wait(forever) and/or End
Reusing cached encoding of .\origrom\053CDE.dcs
nbanew.prg(9663): warning: This statement (and everything after it) is unreachable due to an earlier Wait(forever) and/or End
Reusing cached encoding of .\origrom\1CC03A.dcs
Reusing cached encoding of .\origrom\053CDE.dcs
nbanew.prg(9669): warning: This statement (and everything after it) is unreachable due to an earlier Wait(forever) and/or End
Reusing cached encoding of .\origrom\1A6804.dcs
Encoding .\origrom\054486.dcs : OK, 92 DCS frames, 2214 bytes in ROM (19.9:1 compression, 25068 avg bps)
nbanew.prg(9675): warning: This statement (and everything after it) is unreachable due to an earlier Wait(forever) and/or End
Reusing cached encoding of .\origrom\054486.dcs
nbanew.prg(9680): warning: This statement (and everything after it) is unreachable due to an earlier Wait(forever) and/or End
Reusing cached encoding of .\origrom\1CC03A.dcs
Reusing cached encoding of .\origrom\054486.dcs
nbanew.prg(9686): warning: This statement (and everything after it) is unreachable due to an earlier Wait(forever) and/or End
Encoding .\origrom\054D2E.dcs : OK, 68 DCS frames, 2048 bytes in ROM (15.9:1 compression, 31373 avg bps)
Encoding .\origrom\055530.dcs : OK, 104 DCS frames, 2910 bytes in ROM (17.2:1 compression, 29147 avg bps)
nbanew.prg(9692): warning: This statement (and everything after it) is unreachable due to an earlier Wait(forever) and/or End
Reusing cached encoding of .\origrom\055530.dcs
nbanew.prg(9697): warning: This statement (and everything after it) is unreachable due to an earlier Wait(forever) and/or End
Reusing cached encoding of .\origrom\1CC03A.dcs
Reusing cached encoding of .\origrom\055530.dcs
nbanew.prg(9703): warning: This statement (and everything after it) is unreachable due to an earlier Wait(forever) and/or End
Encoding .\origrom\056092.dcs : OK, 106 DCS frames, 2611 bytes in ROM (19.5:1 compression, 25658 avg bps)
Encoding .\origrom\056AC6.dcs : OK, 72 DCS frames, 1487 bytes in ROM (23.2:1 compression, 21513 avg bps)
nbanew.prg(9709): warning: This statement (and everything after it) is unreachable due to an earlier Wait(forever) and/or End
Reusing cached encoding of .\origrom\056AC6.dcs
nbanew.prg(9714): warning: This statement (and everything after it) is unreachable due to an earlier Wait(forever) and/or End
Reusing cached encoding of .\origrom\1CC03A.dcs
Reusing cached encoding of .\origrom\056AC6.dcs
nbanew.prg(9720): warning: This statement (and everything after it) is unreachable due to an earlier Wait(forever) and/or End
Encoding .\origrom\057098.dcs : OK, 54 DCS frames, 1335 bytes in ROM (19.4:1 compression, 25752 avg bps)
Encoding .\origrom\0575D0.dcs : OK, 74 DCS frames, 1796 bytes in ROM (19.8:1 compression, 25282 avg bps)
nbanew.prg(9726): warning: This statement (and everything after it) is unreachable due to an earlier Wait(forever) and/or End
Reusing cached encoding of .\origrom\0575D0.dcs
nbanew.prg(9731): warning: This statement (and everything after it) is unreachable due to an earlier Wait(forever) and/or End
Reusing cached encoding of .\origrom\1CC03A.dcs
Reusing cached encoding of .\origrom\0575D0.dcs
nbanew.prg(9737): warning: This statement (and everything after it) is unreachable due to an earlier Wait(forever) and/or End
Encoding .\origrom\0A0682.dcs : OK, 223 DCS frames, 6183 bytes in ROM (17.3:1 compression, 28882 avg bps)
nbanew.prg(9742): warning: This statement (and everything after it) is unreachable due to an earlier Wait(forever) and/or End
Encoding .\origrom\0CFF44.dcs : OK, 167 DCS frames, 4167 bytes in ROM (19.2:1 compression, 25992 avg bps)
nbanew.prg(9747): warning: This statement (and everything after it) is unreachable due to an earlier Wait(forever) and/or End
Reusing cached encoding of .\origrom\0CFF44.dcs
nbanew.prg(9752): warning: This statement (and everything after it) is unreachable due to an earlier Wait(forever) and/or End
Reusing cached encoding of .\origrom\0CFF44.dcs
nbanew.prg(9757): warning: This statement (and everything after it) is unreachable due to an earlier Wait(forever) and/or End
Reusing cached encoding of .\origrom\0CFF44.dcs
nbanew.prg(9762): warning: This statement (and everything after it) is unreachable due to an earlier Wait(forever) and/or End
Encoding .\origrom\0CDD50.dcs : OK, 267 DCS frames, 8692 bytes in ROM (14.7:1 compression, 33911 avg bps)
Encoding .\origrom\0C9348.dcs : OK, 344 DCS frames, 4348 bytes in ROM (38.0:1 compression, 13166 avg bps)
nbanew.prg(9768): warning: This statement (and everything after it) is unreachable due to an earlier Wait(forever) and/or End
Reusing cached encoding of .\origrom\0CDD50.dcs
Reusing cached encoding of .\origrom\0C9348.dcs
nbanew.prg(9774): warning: This statement (and everything after it) is unreachable due to an earlier Wait(forever) and/or End
Reusing cached encoding of .\origrom\0CDD50.dcs
Reusing cached encoding of .\origrom\0C9348.dcs
nbanew.prg(9780): warning: This statement (and everything after it) is unreachable due to an earlier Wait(forever) and/or End
Reusing cached encoding of .\origrom\0CDD50.dcs
Reusing cached encoding of .\origrom\0C9348.dcs
nbanew.prg(9786): warning: This statement (and everything after it) is unreachable due to an earlier Wait(forever) and/or End
Encoding .\origrom\0D0F8C.dcs : OK, 136 DCS frames, 4240 bytes in ROM (15.4:1 compression, 32475 avg bps)
nbanew.prg(9791): warning: This statement (and everything after it) is unreachable due to an earlier Wait(forever) and/or End
Reusing cached encoding of .\origrom\0D0F8C.dcs
nbanew.prg(9796): warning: This statement (and everything after it) is unreachable due to an earlier Wait(forever) and/or End
Reusing cached encoding of .\origrom\0D0F8C.dcs
nbanew.prg(9801): warning: This statement (and everything after it) is unreachable due to an earlier Wait(forever) and/or End
Reusing cached encoding of .\origrom\0D0F8C.dcs
nbanew.prg(9806): warning: This statement (and everything after it) is unreachable due to an earlier Wait(forever) and/or End
Encoding .\origrom\0CDC8C.dcs : OK, 15 DCS frames, 196 bytes in ROM (36.7:1 compression, 13611 avg bps)
nbanew.prg(9811): warning: This statement (and everything after it) is unreachable due to an earlier Wait(forever) and/or End
Reusing cached encoding of .\origrom\0CDC8C.dcs
nbanew.prg(9816): warning: This statement (and everything after it) is unreachable due to an earlier Wait(forever) and/or End
Reusing cached encoding of .\origrom\0CDC8C.dcs
nbanew.prg(9821): warning: This statement (and everything after it) is unreachable due to an earlier Wait(forever) and/or End
Reusing cached encoding of .\origrom\0CDC8C.dcs
nbanew.prg(9826): warning: This statement (and everything after it) is unreachable due to an earlier Wait(forever) and/or End
Encoding .\origrom\0C8AE0.dcs : OK, 14 DCS frames, 541 bytes in ROM (12.4:1 compression, 40253 avg bps)
Reusing cached encoding of .\origrom\0C8AE0.dcs
Reusing cached encoding of .\origrom\0C8AE0.dcs
Reusing cached encoding of .\origrom\0C8AE0.dcs
Reusing cached encoding of .\origrom\0C8AE0.dcs
Reusing cached encoding of .\origrom\0C8AE0.dcs
Reusing cached encoding of .\origrom\0C8AE0.dcs
Reusing cached encoding of .\origrom\0C8AE0.dcs
Reusing cached encoding of .\origrom\0C8AE0.dcs
Reusing cached encoding of .\origrom\0C8AE0.dcs
Reusing cached encoding of .\origrom\0C8AE0.dcs
Reusing cached encoding of .\origrom\0C8AE0.dcs
Reusing cached encoding of .\origrom\0C8AE0.dcs
nbanew.prg(9855): warning: This statement (and everything after it) is unreachable due to an earlier Wait(forever) and/or End
Reusing cached encoding of .\origrom\0C8AE0.dcs
Reusing cached encoding of .\origrom\0C8AE0.dcs
Reusing cached encoding of .\origrom\0C8AE0.dcs
Reusing cached encoding of .\origrom\0C8AE0.dcs
Reusing cached encoding of .\origrom\0C8AE0.dcs
Reusing cached encoding of .\origrom\0C8AE0.dcs
Reusing cached encoding of .\origrom\0C8AE0.dcs
Reusing cached encoding of .\origrom\0C8AE0.dcs
Reusing cached encoding of .\origrom\0C8AE0.dcs
Reusing cached encoding of .\origrom\0C8AE0.dcs
Reusing cached encoding of .\origrom\0C8AE0.dcs
Reusing cached encoding of .\origrom\0C8AE0.dcs
Reusing cached encoding of .\origrom\0C8AE0.dcs
nbanew.prg(9884): warning: This statement (and everything after it) is unreachable due to an earlier Wait(forever) and/or End
Reusing cached encoding of .\origrom\0C8AE0.dcs
Reusing cached encoding of .\origrom\0C8AE0.dcs
Reusing cached encoding of .\origrom\0C8AE0.dcs
Reusing cached encoding of .\origrom\0C8AE0.dcs
Reusing cached encoding of .\origrom\0C8AE0.dcs
Reusing cached encoding of .\origrom\0C8AE0.dcs
Reusing cached encoding of .\origrom\0C8AE0.dcs
Reusing cached encoding of .\origrom\0C8AE0.dcs
Reusing cached encoding of .\origrom\0C8AE0.dcs
Reusing cached encoding of .\origrom\0C8AE0.dcs
Reusing cached encoding of .\origrom\0C8AE0.dcs
Reusing cached encoding of .\origrom\0C8AE0.dcs
Reusing cached encoding of .\origrom\0C8AE0.dcs
nbanew.prg(9913): warning: This statement (and everything after it) is unreachable due to an earlier Wait(forever) and/or End
Reusing cached encoding of .\origrom\0C8AE0.dcs
Reusing cached encoding of .\origrom\0C8AE0.dcs
Reusing cached encoding of .\origrom\0C8AE0.dcs
Reusing cached encoding of .\origrom\0C8AE0.dcs
Reusing cached encoding of .\origrom\0C8AE0.dcs
Reusing cached encoding of .\origrom\0C8AE0.dcs
Reusing cached encoding of .\origrom\0C8AE0.dcs
Reusing cached encoding of .\origrom\0C8AE0.dcs
Reusing cached encoding of .\origrom\0C8AE0.dcs
Reusing cached encoding of .\origrom\0C8AE0.dcs
Reusing cached encoding of .\origrom\0C8AE0.dcs
Reusing cached encoding of .\origrom\0C8AE0.dcs
Reusing cached encoding of .\origrom\0C8AE0.dcs
nbanew.prg(9942): warning: This statement (and everything after it) is unreachable due to an earlier Wait(forever) and/or End
Encoding .\origrom\0C8D1A.dcs : OK, 41 DCS frames, 1582 bytes in ROM (12.4:1 compression, 40193 avg bps)
Reusing cached encoding of .\origrom\0C9348.dcs
nbanew.prg(9948): warning: This statement (and everything after it) is unreachable due to an earlier Wait(forever) and/or End
Reusing cached encoding of .\origrom\0C8D1A.dcs
Reusing cached encoding of .\origrom\0C9348.dcs
nbanew.prg(9954): warning: This statement (and everything after it) is unreachable due to an earlier Wait(forever) and/or End
Reusing cached encoding of .\origrom\0C8D1A.dcs
Reusing cached encoding of .\origrom\0C9348.dcs
nbanew.prg(9960): warning: This statement (and everything after it) is unreachable due to an earlier Wait(forever) and/or End
Reusing cached encoding of .\origrom\0C8D1A.dcs
Reusing cached encoding of .\origrom\0C9348.dcs
nbanew.prg(9966): warning: This statement (and everything after it) is unreachable due to an earlier Wait(forever) and/or End
Encoding .\origrom\0CA444.dcs : OK, 86 DCS frames, 1750 bytes in ROM (23.6:1 compression, 21197 avg bps)
nbanew.prg(9971): warning: This statement (and everything after it) is unreachable due to an earlier Wait(forever) and/or End
Reusing cached encoding of .\origrom\0CA444.dcs
nbanew.prg(9976): warning: This statement (and everything after it) is unreachable due to an earlier Wait(forever) and/or End
Reusing cached encoding of .\origrom\0CA444.dcs
nbanew.prg(9981): warning: This statement (and everything after it) is unreachable due to an earlier Wait(forever) and/or End
Reusing cached encoding of .\origrom\0CA444.dcs
nbanew.prg(9986): warning: This statement (and everything after it) is unreachable due to an earlier Wait(forever) and/or End
Encoding .\origrom\0CAB28.dcs : OK, 30 DCS frames, 1201 bytes in ROM (12.0:1 compression, 41701 avg bps)
Reusing cached encoding of .\origrom\0CAB28.dcs
nbanew.prg(9992): warning: This statement (and everything after it) is unreachable due to an earlier Wait(forever) and/or End
Reusing cached encoding of .\origrom\0CAB28.dcs
Reusing cached encoding of .\origrom\0CAB28.dcs
nbanew.prg(9998): warning: This statement (and everything after it) is unreachable due to an earlier Wait(forever) and/or End
Reusing cached encoding of .\origrom\0CAB28.dcs
Reusing cached encoding of .\origrom\0CAB28.dcs
nbanew.prg(10004): warning: This statement (and everything after it) is unreachable due to an earlier Wait(forever) and/or End
Reusing cached encoding of .\origrom\0CAB28.dcs
Reusing cached encoding of .\origrom\0CAB28.dcs
nbanew.prg(10010): warning: This statement (and everything after it) is unreachable due to an earlier Wait(forever) and/or End
Encoding .\origrom\0CAFDA.dcs : OK, 252 DCS frames, 8746 bytes in ROM (13.8:1 compression, 36152 avg bps)
Encoding .\origrom\0CD204.dcs : OK, 56 DCS frames, 1961 bytes in ROM (13.7:1 compression, 36477 avg bps)
nbanew.prg(10016): warning: This statement (and everything after it) is unreachable due to an earlier Wait(forever) and/or End
Reusing cached encoding of .\origrom\0CAFDA.dcs
Reusing cached encoding of .\origrom\0CD204.dcs
nbanew.prg(10022): warning: This statement (and everything after it) is unreachable due to an earlier Wait(forever) and/or End
Reusing cached encoding of .\origrom\0CAFDA.dcs
Reusing cached encoding of .\origrom\0CD204.dcs
nbanew.prg(10028): warning: This statement (and everything after it) is unreachable due to an earlier Wait(forever) and/or End
Reusing cached encoding of .\origrom\0CAFDA.dcs
Reusing cached encoding of .\origrom\0CD204.dcs
nbanew.prg(10034): warning: This statement (and everything after it) is unreachable due to an earlier Wait(forever) and/or End
Encoding .\origrom\0CD9AE.dcs : OK, 35 DCS frames, 734 bytes in ROM (22.9:1 compression, 21845 avg bps)
nbanew.prg(10039): warning: This statement (and everything after it) is unreachable due to an earlier Wait(forever) and/or End
Reusing cached encoding of .\origrom\0CD9AE.dcs
nbanew.prg(10044): warning: This statement (and everything after it) is unreachable due to an earlier Wait(forever) and/or End
Reusing cached encoding of .\origrom\0CD9AE.dcs
nbanew.prg(10049): warning: This statement (and everything after it) is unreachable due to an earlier Wait(forever) and/or End
Reusing cached encoding of .\origrom\0CD9AE.dcs
nbanew.prg(10054): warning: This statement (and everything after it) is unreachable due to an earlier Wait(forever) and/or End

Script compilation succeeded, but note that 1612 warnings were generated

Generating new ROM set to nbatest10.zip
ROM .zip file layout:
Chip  Size   Bytes Used  Unused  Filename
U2    1M     1048454     122     U2.ROM
U3    1M     1048556     20      U3.ROM
U4    1M     1048558     18      U4.ROM
U5    1M     1028646     19930   U5.ROM

ROM creation succeeded
